問題No,学年・学期,単元ID,単元名,問題文,選択肢1,選択肢2,選択肢3,選択肢4,正答番号,解説１,解説２,解説３,解説４,図１,図２,国試,,,,,,,,,,,,
1,1100,1000,香粧品概論,香粧品の製造や販売を厳しく規制している法律の名前は何ですか？,医師法,薬機法,理容師法・美容師法,,1,不正解。　医師法は医療行為を規制する法律です。,正解です。　正式名称を「医薬品、医療機器等の品質、有効性及び安全性の確保等に関する法律」といいます。,不正解。　理容師法・美容師法は、資格や施設を規制する法律です。,,,,,,,,,,,,,,,,
2,1100,1000,香粧品概論,薬機法において、香粧品は主に何と何に分類されますか？,医薬品と医薬部外品,化粧品と医薬部外品,化粧品と雑貨,,1,不正解。　香粧品の中に医薬品は含まれません。,正解です。　効能が緩和な「化粧品」と、特定の有効成分を含む「医薬部外品」に分けられます。,不正解。　香粧品の中に雑貨は含まれません。,,,,,,,,,,,,,,,,
3,1100,1000,香粧品概論,全成分表示義務があるのはどれですか？,化粧品,医薬部外品,両方,,0,正解です。　化粧品にはすべての成分を表示する義務がありますが、医薬部外品は一部の例外を除き異なります。,不正解。　化粧品にはすべての成分を表示する義務がありますが、医薬部外品は一部の例外を除き異なります。,不正解。　化粧品にはすべての成分を表示する義務がありますが、医薬部外品は一部の例外を除き異なります。,,,,,,,,,,,,,,,,
4,1100,1000,香粧品概論,香粧品の使用期限について、特に記載がない場合の目安はどのくらい？,約半年,未開封で約3年,期限はない,,1,不正解。　一般的な製品はもっと長く持ちます。,正解です。　適切な保存状態で「未開封なら3年」品質が保持されるよう設計されています。,不正解。　開封後はなるべく早く使い切るのが基本です。,,,,,,,,,,,,,,,,
5,1101,1000,香粧品概論,香粧品の定義を定めている法律は？,理容師法・美容師法,医薬品医療機器等法,PL法,,2,不l正解。　理容師・美容師法は免許や業務のルールです。正解は「医薬品医療機器等法（薬機法）」です。,正解です。　「医薬品医療機器等法（薬機法）」で香粧品の品質や安全性が厳しく定められています。,不l正解。　PL法は製品の欠陥による被害から消費者を守る法律です。正解は「医薬品医療機器等法」です。,,,,,,,,,,,,,,,,
6,1101,1000,香粧品概論,化粧という行為は、人間特有のどのような欲求の現れですか？,自己顕示欲,承認欲求,生存欲求,,1,正解です。　自分をより良く見せたい、個性を出したいという「自己顕示欲」の現れとされます。,不l正解。　他人に認めてもらいたい「承認欲求」も近いですが、教科書では「自己顕示欲」と定義されています。,不l正解。　生存欲求とは異なる、人間ならではの精神的な欲求に基づいています。,,,,,,,,,,,,,,,,
7,1101,1000,香粧品概論,理容師・美容師が薬剤を使う際、必ず必要なのは客の何？,氏名の確認,本人の同意,住所の確認,,2,不l正解。　氏名も大切ですが、法律上、薬剤を使用する際は「本人の同意」が不可欠です。,正解です。　思わぬ肌の異常（トラブル）などを防ぐため、施術の前に「本人の同意」を得ることが義務付けられています。,不l正解。　住所確認よりも、施術に対する「本人の同意」が重要です。,,,,,,,,,,,,,,,,
8,1101,1000,香粧品概論,香粧品を使用する際、最も優先されるべきことは？,香りの良さ,安全性,価格の安さ,,2,不l正解。　香りは大切な要素ですが、直接身体に使用するものとして最も優先すべきは「安全性」です。,正解です。　香粧品は皮膚や毛髪に直接、かつ長期間使用するため、副作用や刺激がないという安全性が第一に求められます。,不l正解。　いくら安くても、肌トラブル（肌の異常）を起こしては意味がありません。最も重要なのは安全性です。,,,,,,,,,,,,,,,,
9,1102,1000,香粧品概論,皮膚や毛髪を清潔にし、健やかに保つ目的で使われるものは？,医薬品,化粧品,雑貨,,2,不l正解。　医薬品は、病気の診断や治療、予防を目的としたものです。,正解です。　化粧品は、身体を清潔にし、美化し、健やかに保つために使用されるものと定義されています。,不l正解。　身体に直接作用し、美化や清潔を目的とするものは、法律上「化粧品」に分類されます。,,,,,,,,,,,,,,,,
10,1102,1000,香粧品概論,香粧品の品質を長期間安定させるために配合される成分は？,界面活性剤,酸化防止剤・防腐剤,香料,,2,不l正解。　界面活性剤は、主に汚れを落としたり、水と油を混ぜたりする成分です。,正解です。　製品が酸素に触れて傷むのを防ぐ「酸化防止剤」や、菌の繁殖を防ぐ「防腐剤」が品質維持に不可欠です。,不l正解。　香料は製品に香りを付けるための成分であり、品質を長期間安定させるのが主な目的ではありません。,,,,,,,,,,,,,,,,
11,1102,1000,香粧品概論,化粧品にアレルギー成分が含まれていないか確認するために必要な表示は？,製造年月日,全成分表示,使用期限,,2,不l正解。　製造年月日だけでは、どのような成分が入っているかを判断することはできません。,正解です。　アレルギーなどの肌トラブルを防ぐため、配合されているすべての成分を表示することが法律で義務付けられています。,不l正解。　使用期限は品質が保たれる期間を示すもので、成分の内容を確認するためのものではありません。,,,,,,,,,,,,,,,,
12,1103,1100,水とアルコール,水分子同士が引き合い、水が高い沸点を持つ原因となっている結合は？,イオン結合,水素結合,金属結合,,2,不l正解。　イオン結合はプラスとマイナスの電気の力で結びつく強い結合で、塩化ナトリウムなどに多く見られます。,正解です。　水分子の間にある「水素結合」という引き合う力が強いため、水は他の液体に比べて蒸発しにくい性質（高い沸点）を持ちます。,不l正解。　金属結合は金属の原子同士を固くつなぎとめる結合のことです。水の場合は水素結合が正解です。,,,,,,,,,,,,,,,,
13,1103,1100,水とアルコール,物質を溶かしている液体のことを何といいますか？,溶質,溶媒,溶液,,2,不l正解。　溶質は、水に溶けている砂糖や塩などの物質そのもののことを指します。,正解です。　溶媒とは、他の物質を溶かすための液体のことです。香粧品では主に水やアルコールが使われます。,不l正解。　溶液は、溶媒と溶質が混ざり合って均一になった液体全体の状態を指します。,,,,,,,,,,,,,,,,
14,1103,1100,水とアルコール,真皮に存在し、肌のハリや弾力を保つ役割をしているタンパク質は？,ケラチン,コラーゲン,メラニン,,2,不l正解。　ケラチンは皮膚の一番外側（角質層）や、爪、毛髪を構成する非常に硬いタンパク質です。,正解です。　コラーゲンは肌の奥にある「真皮」という層で網目状に広がり、肌の弾力をクッションのように支えています。,不l正解。メラニンは紫外線を吸収して肌を守るための「色素」であり、ハリや弾力をつくるタンパク質ではありません。,,,,,,,,,,,,,,,,
15,1103,1100,水とアルコール,皮膚の水分を補い、潤いを与える効果を何といいますか？,モイスチャー効果,エモリエント効果,洗浄効果,,1,正解です。　モイスチャー効果とは、肌に水分を与えて保持し、乾燥を防ぐ「保湿」の働きを指します。,不l正解。　エモリエント効果は、油分によって肌を柔らかくし、水分の蒸発を防ぐ働きのことです。,不l正解。　洗浄効果は、石けんなどのように皮膚の汚れを取り除いて清潔にする働きのことをいいます。,,,,,,,,,,,,,,,,
16,1103,1100,水とアルコール,皮膚を柔らかくし、水分の蒸発を防ぐ油分の効果を何といいますか？,モイスチャー効果,エモリエント効果,殺菌効果,,2,不l正解。　モイスチャー効果は、主に肌に水分を与えて潤いを保つ働きのことを指します。,正解です。 エモリエント効果とは、油分が肌の表面に膜を作り、皮膚を柔らかく保ちながら水分の蒸発を防ぐ働きです。,不l正解。　殺菌効果は、細菌を死滅させたり増殖を抑えたりする働きです。正解はエモリエント効果です。,,,,,,,,,,,,,,,,
17,1103,1100,水とアルコール,皮膚の表面にある、細菌の侵入を防ぐ薄い膜を何といいますか？,角質層,皮脂膜,真皮,,2,不l正解。　角質層は皮膚の最も外側の層自体の名称です。膜そのものは皮脂膜を指します。,正解です。　　皮脂膜は汗と皮脂が混ざり合ってできた天然のバリアで、外部の刺激や細菌から肌を守っています。,不l正解。　真皮は皮膚の深い部分にある層で、表面のバリア機能を担っている膜ではありません。,,,,,,,,,,,,,,,,
18,1103,1100,水とアルコール,健康な成人の皮膚表面のpHは、どの状態ですか？,弱アルカリ性,中性,弱酸性,,3,不l正解。　肌がアルカリ性に傾くと、バリア機能が低下して細菌が繁殖しやすくなってしまいます。,不l正解。　中性（pH7.0）よりも、健康な肌は少しだけ酸性に寄った数値を示しています。,正解です。　　健康な皮膚は「弱酸性」に保たれており、これによって病原菌などの増殖を抑える力が働いています。,,,,,,,,,,,,,,,,
19,1103,1100,水とアルコール,物質が水に溶ける性質のことを何といいますか？,親油性,親水性,揮発性,,2,不l正解。　親油性は、水よりも「油」になじみやすく、油に溶けやすい性質のことをいいます。,正解です。　　親水性とは、水になじみやすく、水に溶けやすい性質のことです。,不l正解。　揮発性は、アルコールのように常温で液体が気体になって蒸発しやすい性質のことです。,,,,,,,,,,,,,,,,
20,1103,1100,水とアルコール,真皮の中で、水分を保持する役割をするタンパク質は？,脂質,タンパク質,ミネラル,,2,不l正解。　脂質やミネラルではありません。,正解です。真皮では、コラーゲンというタンパク質が水分を保持しています。,不l正解。　脂質やミネラルではありません。,,,,,,,,,,,,,,,,
21,1103,1100,水とアルコール,皮膚の角質層に含まれる、水分を保持する成分を何といいますか？,キレート剤,天然保湿因子,高級脂肪酸,,2,不正解。　キレート剤は金属イオンを封鎖するものです。,正解です。天然保湿因子（NMF）は、角質層で水分を保持する重要な成分です。,不正解。　キレート剤は金属イオンを封鎖するものです。,,,,,,,,,,,,,,,,
22,1104,1100,水とアルコール,水素イオン指数(pH)の値が「ｐＨ5」は何性ですか？,アルカリ性,中性,酸性,,2,不l正解。　pH7が中性で、それより低いと酸性、高いとアルカリ性です。,不l正解。　pH7が中性で、それより低いと酸性、高いとアルカリ性です。,正解です。　pH7が中性で、それより低いと酸性、高いとアルカリ性です。,,,,,,,,,,,,,,,,
23,1104,1100,水とアルコール,毒性が非常に強く、香粧品への配合が禁止されているアルコールは？,グリセリン,エタノール,メタノール,,3,不l正解。　グリセリンは保湿成分として広く使われます。,不l正解。　エタノールはお酒の主成分や消毒に使われます。,正解です。　メタノールは失明などの危険があり、配合が禁止されています。,,,,,,,,,,,,,,,,
24,1104,1100,水とアルコール,エタノール濃度が約何％のとき、殺菌力が最も強くなりますか？,約40％,約60％,約80％,,3,不l正解。　濃度が低すぎると十分な殺菌力が得られません。,不l正解。　濃度が低すぎると十分な殺菌力が得られません。,正解です。　エタノールは濃度が約80％で殺菌力が最大になります。,,,,,,,,,,,,,,,,
25,1104,1100,水とアルコール,エタノールのように「炭素」を含む化合物を何といいますか？,無機化合物,有機化合物,酸化物,,2,不l正解。　炭素を含まないものを無機化合物といいます。,正解です。　エタノールのように炭素を含む化合物を有機化合物といいます。,不l正解。　炭素を含まないものを無機化合物といいます。,,,,,,,,,,,,,,,,
26,1104,1100,水とアルコール,殺菌力があり、安価だが、消毒用エタノールより刺激が強いのは？,2-イソプロパノール,メタノール,セタノール,,1,正解です。　2-イソプロパノールは安価で殺菌力もありますが、脱脂力が強く刺激的です。,不l正解。　メタノールは毒性が強く使用できません。,不l正解。　セタノールは高級アルコールで乳化安定剤、保湿剤、エモリエント剤として、クリームや乳液に使用されます,,,,,,,,,,,,,,,,
27,1104,1100,水とアルコール,エタノールの特徴はどれですか？,有機化合物を溶かす,無機化合物を溶かす,炭化水素である,,1,正解です。　エタノールは水にも油（有機化合物）にもなじみ、溶かす性質があります。,不l正解。　エタノールは主に有機化合物を溶かすのが得意です。,不l正解。　エタノールは主に有機化合物を溶かすのが得意です。,,,,,,,,,,,,,,,,
28,1105,1000,香粧品概論,香粧品の効能・効果の表現で、正しいものはどれですか？,肌荒れを防ぐ,ふけ・かゆみを防ぐ,ニキビを治す,,3,不l正解。　「肌荒れを防ぐ」は化粧品で認められる表現の一つです。,不l正解。　「ふけ・かゆみを防ぐ」は化粧品で認められる表現の一つです。,正解です。　「ニキビを防ぐ」は認められますが「ニキビを治す」は認められません。,,,,,,,,,,,,,,,,
29,1105,1200,油性原料,一般に酸とアルコールから水が取れて結合したものを何といいますか？,エステル,エーテル,アルデヒド,,1,正解です。　酸（カルボン酸）とアルコールが反応してできる化合物をエステルといいます。,不l正解。　エーテルやアルデヒドは異なる結合様式を持つ化合物です。,不l正解。　エーテルやアルデヒドは異なる結合様式を持つ化合物です。,,,,,,,,,,,,,,,,
30,1106,1200,油性原料,油脂は何とグリセリンのエステルですか？,アミノ酸,脂肪酸,核酸,,2,不l正解。　アミノ酸はタンパク質の構成成分です。,正解です。　油脂は「脂肪酸」とグリセリンがエステル結合したものです。,不l正解。　核酸は遺伝情報の伝達などに関わる物質です。,,,,,,,,,,,,,,,,
31,1106,1200,油性原料,常温で「固体」の油脂を何といいますか？,脂肪,脂肪油,ロウ,,1,正解です。　常温で固体のものを「脂肪」と呼びます。,不l正解。　常温で液体のものを脂肪油といいます。,不l正解。　ロウは油脂とは化学的構造が異なる物質です。,,,,,,,,,,,,,,,,
32,1106,1200,油性原料,常温で「液体」の油脂を何といいますか？,脂肪,脂肪油,精製油,,2,不l正解。　固体のものを脂肪といいます。,正解です。　常温で液体のものを「脂肪油」と呼びます。,不l正解。　液体のものは脂肪油といいます。,,,,,,,,,,,,,,,,
33,1106,1200,油性原料,油性原料の皮膚への作用で誤っているものは？,柔軟化,水分蒸発の促進,皮膚の保護,,2,不l正解。　油分は肌を柔らかくし、外部から保護します。,正解です。油性原料は肌に膜を張ることで、水分蒸発を「抑制」します。,不l正解。　油分は肌を柔らかくし、保護しますが、水分蒸発は抑制します。,,,,,,,,,,,,,,,,
34,1106,1200,油性原料,トリグリセリドとはなんですか？,酸化剤,防腐剤,油脂,,3,不l正解。　トリグリセリドは「油脂」そのものの化学的な名称です。,不l正解。　トリグリセリドは「油脂」そのものの化学的な名称です。,正解です。　グリセリンに3つの脂肪酸が結合したものを「トリグリセリド」と呼び、これが油脂の主成分です。,,,,,,,,,,,,,,,,
35,1106,1200,油性原料,油脂が日光や酸素などの影響で分解され、不快な臭いや色が変わる現象は？,還元,酸化（酸敗）,中和,,2,不l正解。　酸素と反応して変質することを酸化（酸敗）といいます。,正解です。　油脂が酸素や日光によって分解されることを酸化（酸敗）といいます。,不l正解。　酸素と反応して変質することを酸化（酸敗）といいます。,,,,,,,,,,,,,,,,
36,1106,1200,油性原料,常温で液体の脂肪油のうち、空気中で乾きやすい油を何といいますか？,乾性油,不乾性油,鉱物油,,1,正解です。　空気中に放置すると薄い膜を作って乾く油を「乾性油」といいます。,不l正解。　空気に触れても乾きにくいものを不乾性油といいます。,不l正解。　空気に触れても乾きやすいものは乾性油といいます。,,,,,,,,,,,,,,,,
37,1106,1200,油性原料,油脂に関する組み合わせで、正しいものはどれですか？,動物性：モクロウ,動物性：ミツロウ,植物性：肝油,,3,不l正解。　モクロウはハゼの実からとれる植物性です。,正解です。　ミツロウはハチの巣からとれるので動物性です。,不l正解。　肝油は動物性です。,,,,,,,,,,,,,,,,
38,1107,1200,油性原料,ロウは高級脂肪酸と何が化学結合したものですか？,水酸化ナトリウム,アミノ酸,高級アルコール,,3,不l正解。　高級脂肪酸と高級アルコールのエステル結合です。,不l正解。　高級脂肪酸と高級アルコールのエステル結合です。,正解です。　ロウ（ワックス）は高級脂肪酸と高級アルコールがエステル結合したものです。,,,,,,,,,,,,,,,,
39,1107,1200,油性原料,ロウ類の中で、例外的に常温で「液体」なものはどれですか？,ミツロウ,カルナウバロウ,ホホバ油,,3,不l正解。　ミツロウやカルナウバロウは固体です。,不l正解。　ミツロウやカルナウバロウは固体です。,正解です。　ホホバ油は名前は「油」ですが、化学的には液体状のロウです。,,,,,,,,,,,,,,,,
40,1107,1200,油性原料,ステアリン酸の特徴はどれですか？,脂肪酸エステル,高級脂アルコール,高級脂肪酸,,3,不l正解。　ステアリン酸は代表的な高級脂肪酸です。,不l正解。　ステアリン酸は代表的な高級脂肪酸です。,正解です。　ステアリン酸は代表的な「高級脂肪酸」で、石けんやクリームの原料になります。,,,,,,,,,,,,,,,,
41,1107,1200,油性原料,代表的な高級脂肪酸で、牛脂などに含まれている成分はどれですか？,ステアリン酸,酢酸,塩酸,,1,正解です。　ステアリン酸は牛脂などの油脂の主成分として広く含まれています。,不l正解。　酢酸や塩酸は油脂の構成成分ではありません。,不l正解。　酢酸や塩酸は油脂の構成成分ではありません。,,,,,,,,,,,,,,,,
42,1107,1200,油性原料,化合物の中に含まれる何の数が多いものを「高級」と呼びますか？,水素原子,酸素原子,炭素原子,,3,不l正解。　炭素原子の数が多いものを高級と呼びます。,不l正解。　炭素原子の数が多いものを高級と呼びます。,正解です。　化学の世界では、分子の中の炭素原子の数が多いものを「高級」と呼びます。,,,,,,,,,,,,,,,,
43,1107,1200,油性原料,乳化助剤として、粘度を出したり安定させたりするために使われるアルコールはどれですか？,メタノール,エタノール,セタノール,,3,不l正解。　メタノールやエタノールは粘度を出すのには向きません。,不l正解。　メタノールやエタノールは粘度を出すのには向きません。,正解です。　セタノールは、高級アルコールの一種で、クリームの粘度を高め安定させるために使われます。,,39,2,,,,,,,,,,,,,
44,1107,1200,油性原料,スクワランとはどれのことですか？,高級脂肪酸,界面活性剤,炭化水素,,3,不l正解。　スクワランは炭化水素です。,不l正解。　スクワランは炭化水素です。,正解です。　スクワランは、炭化水素に分類される油性成分です。,,,,,,,,,,,,,,,,
45,1107,1200,油性原料,炭化水素の用途ではないものはどれですか？,クリーム,乳化剤,噴射剤,,2,不l正解。　炭化水素に乳化作用はありません。,正解です。　炭化水素は油性の原料としてクリームなどに使われますが、乳化剤としての働きはありません。,不l正解。　炭化水素に乳化作用はありません。,,,,,,,,,,,,,,,,
46,1107,1200,油性原料,炭素数の多い炭化水素は常温でどのような状態ですか？,気体,液体,固体,,3,不l正解。　炭素数が多いと固体になります。,不l正解。　炭素数が多いと固体になります。,正解です。　炭化水素は、炭素数が多くなると固体になります。,,,,,,,,,,,,,,,,
47,1107,1200,油性原料,スクワランは、鮫の肝油に含まれる何から作られますか？,スクワレン,コレステロール,ラノリン,,1,正解です。　鮫の肝油に含まれるスクワレンに水素を添加して作られます。,不l正解。　スクワレンから作られます。,不l正解。　スクワレンから作られます。,,,,,,,,,,,,,,,,
48,1107,1200,油性原料,炭化水素でないものはどれですか？,プロパン,スクワラン,シリコーン,,2,不l正解。　プロパンは炭化水素です。,不l正解。　スクワランは炭化水素です。,正解です。シリコーンは炭化水素ではありません。,,,,,,,,,,,,,,,,
49,1107,1200,油性原料,メチルポリシロキサンは何の代表的な成分ですか？,シリコーン油,炭化水素,ロウ,,1,正解です。　メチルポリシロキサンは、シリコーン油の代表です。,不l正解。　シリコーン油の代表的な成分です。,不l正解。　シリコーン油の代表的な成分です。,,,,,,,,,,,,,,,,
50,1108,1300,界面活性剤,界面活性剤の分子で、水になじむ部分を何といいますか？,親油基,親水基,疎水基,,2,不l正解。　水になじむ部分は親水基といいます。,正解です。　水になじむ部分は親水基といいます。,不l正解。　疎水基とは親油水のことです。,,,,,,,,,,,,,,,,
51,1108,1300,界面活性剤,界面活性剤が表面を埋め尽くした濃度（CMC）のことを何といいますか？,飽和ミセル濃度,臨界ミセル濃度,浸透ミセル濃度,,2,不l正解。　この濃度を臨界ミセル濃度といいます。,正解です。　界面活性剤が表面を埋め尽くし、ミセルを作り始める濃度を臨界ミセル濃度といいます。,不l正解。　この濃度を臨界ミセル濃度といいます。,,,,,,,,,,,,,,,,
52,1108,1300,界面活性剤,界面活性剤が水中で作る、分子の集合体を何といいますか？,イオン,ゲル,ミセル,,3,不l正解。　分子が集まったものをミセルといいます。,不l正解。　分子が集まったものをミセルといいます。,正解です。　界面活性剤の分子が集まってできる粒子をミセルといいます。,,,,,,,,,,,,,,,,
53,1108,1300,界面活性剤,水と油を混ぜて、乳液のような状態にすることを何といいますか？,可溶化,乳化（エマルション）,分散,,2,不l正解。　水と油を混ぜることは乳化といいます。,正解です。　水と油が界面活性剤で混ざることを乳化といいます。,不l正解。　水と油を混ぜることは乳化といいます。,,,,,,,,,,,,,,,,
54,1108,1300,界面活性剤,水の中に油の粒が分散している状態を何といいますか？,O/W型,W/O型,混合型,,1,正解です。　外側が水なのでO/W型（水中油型）といいます。,不l正解。　外側が水の場合はO/W型です。,不l正解。　外側が水の場合はO/W型です。,,,,,,,,,,,,,,,,
55,1108,1300,界面活性剤,油の中に水の粒が分散している状態を何といいますか？,O/W型,W/O型,透明型,,2,不l正解。　外側が油の場合はW/O型です。,正解です。　外側が油なのでW/O型（油中水型）といいます。,不l正解。　外側が油の場合はW/O型です。,,,,,,,,,,,,,,,,
56,1108,1300,界面活性剤,ミセルの粒子が光の波長より小さく、透明な状態を何といいますか？,乳化,可溶化,沈殿,,2,不l正解。　透明になる状態は可溶化といいます。,正解です。　粒子が非常に小さく透明になることを可溶化といいます。,不l正解。　透明になる状態は可溶化といいます。,,,,,,,,,,,,,,,,
57,1108,1300,界面活性剤,水や油の中に、粉（固体）が微粒子状になっている状態を何といいますか？,乳化,可溶化,分散,,3,不l正解。　「粉」が混ざっているのは分散といいます。,不l正解。　「粉」が混ざっているのは分散といいます。,正解です。　液体の中に「粉」が混ざっているのは分散といいます。,,,,,,,,,,,,,,,,
58,1108,1300,界面活性剤,微粒子が液体や気体中に分散している状態を何といいますか？,コロイド,結晶,モノマー,,1,正解です。　粒子が非常に小さい状態で分散しているものをコロイドといいます。,不l正解。　コロイドの状態といいます。,不l正解。　コロイドの状態といいます。モノマーは低分子化合物のことです。,,,,,,,,,,,,,,,,
59,1108,1300,界面活性剤,コロイドの状態のうち、液体状のものが固まった状態はどれですか？,ゲル,ゾル,ポリマー,,1,正解です。　ゲルは、液体状のコロイド（ゾル）が固まった状態です。,不l正解。　固まった状態をゲルといいます。ゾルは液体状のものです。,不l正解。　固まった状態をゲルといいます。ポリマーは高分子化合物のことです。,,,,,,,,,,,,,,,,
60,1108,1300,界面活性剤,界面活性剤が油汚れを取り込み、水中に分散させて落とす作用はどれですか？,酸化作用,洗浄作用,還元作用,,2,不l正解。　汚れを落とすのは洗浄作用です。,正解です。　界面活性剤が汚れを取り込む作用を洗浄作用といいます。,不l正解。　汚れを落とすのは洗浄作用です。,,,,,,,,,,,,,,,,
61,1108,1300,界面活性剤,親水基が「マイナスイオン」になる界面活性剤はどれですか？,陰（アニオン）,陽（カチオン）,非イオン,,1,正解です。　水中でマイナスの電気を帯びるものを陰（アニオン）界面活性剤といいます。,不l正解。　マイナスイオンになるのは陰イオンです。,不l正解。　マイナスイオンになるのは陰イオンです。,,,,,,,,,,,,,,,,
62,1108,1300,界面活性剤,乳化作用や洗浄作用に優れ、シャンプーや洗顔料に最も多く使われるのは？,非イオン界面活性剤,陰イオン界面活性剤,陽イオン界面活性剤,,2,不l正解。　洗浄力と起泡力に優れるのは、陰イオン界面活性剤です。,正解です。　陰イオン界面活性剤は、シャンプーや石けんの主成分として広く使われています。,不l正解。　洗浄力と起泡力に優れるのは、陰イオン界面活性剤です。,,,,,,,,,,,,,,,,
63,1109,1300,界面活性剤,毛髪などへの吸着性に優れ、リンス料などに使われるのはどれですか？,非イオン界面活性剤,陰イオン界面活性剤,陽イオン界面活性剤,,3,不l正解。　毛髪への吸着性が高いのは陽イオンです。,不l正解。　毛髪への吸着性が高いのは陽イオンです。,正解です。　毛髪への吸着性が高いのは陽（カチオン）イオン界面活性剤です。,,,,,,,,,,,,,,,,
64,1109,1300,界面活性剤,逆性石けんと呼ばれる界面活性剤はどれですか？,非イオン界面活性剤,陰イオン界面活性剤,陽イオン界面活性剤,,3,不l正解。　「逆性石けん」と呼ばれるのは、陽イオン界面活性剤です。,不l正解。　「逆性石けん」と呼ばれるのは、陽イオン界面活性剤です。,正解です。　陽イオン界面活性剤は、石けん（陰イオン）と逆の性質を持つため「逆性石けん」と呼ばれます。,,,,,,,,,,,,,,,,
65,1109,1300,界面活性剤,陽イオン界面活性剤として、トリートメントなどに使われる成分はどれですか？,石けん,第四級アンモニウム塩,レシチン,,2,不l正解。　陽イオン界面活性剤の代表は、第四級アンモニウム塩です。,正解です。　「第四級アンモニウム塩」は、毛髪への吸着性が高く、柔軟効果があります。,不l正解。　陽イオン界面活性剤の代表は、第四級アンモニウム塩です。,,,,,,,,,,,,,,,,
66,1109,1300,界面活性剤,天然の両性界面活性剤はどれですか？,レシチン,クエン酸,石けん,,1,正解です。　卵黄や大豆に含まれるレシチンは、天然の両性界面活性剤です。,不l正解。　天然の両性界面活性剤は、レシチンです。,不l正解。　天然の両性界面活性剤は、レシチンです。,,,,,,,,,,,,,,,,
67,1109,1300,界面活性剤,皮膚や目への刺激が弱く、ベビーシャンプーなどに使われるのはどれですか？,非イオン界面活性剤,両性界面活性剤,陽イオン界面活性剤,,2,不l正解。　皮膚や目への刺激が最も弱いのは、両性界面活性剤です。,正解です。　両性界面活性剤は、洗浄力は控えめですが、刺激が非常に弱く安全性が高いです。,不l正解。　皮膚や目への刺激が最も弱いのは、両性界面活性剤です。,,,,,,,,,,,,,,,,
68,1109,1300,界面活性剤,乳化剤、可溶化剤として、化粧水やクリームに幅広く使われるのはどれですか？,非イオン界面活性剤,両性界面活性剤,石けん,,1,正解です。　非イオン界面活性剤は、他の成分の影響を受けにくく、乳化剤として非常に優秀です。,不l正解。　水に溶けてもイオン化しない非イオン界面活性剤が、乳化剤として広く使われます。,不l正解。　水に溶けてもイオン化しない非イオン界面活性剤が、乳化剤として広く使われます。,,,,,,,,,,,,,,,,
69,1109,1300,界面活性剤,両性界面活性剤の性質を変化させる要因はどれですか？,温度,軟水、硬水,酸性、アルカリ性,,3,不l正解。　周囲の環境が酸性かアルカリ性かによって、性質が変化します。,不l正解。　周囲の環境が酸性かアルカリ性かによって、性質が変化します。,正解です。　両性界面活性剤は、液性のpHによって、陽イオンまたは陰イオンの性質を示します。,,,,,,,,,,,,,,,,
70,1109,1300,界面活性剤,皮膚に接する器具の消毒に使われる「逆性石けん」の主成分はどれですか？,石けん,PVA(ポリビニルアルコール),ベンザルコニウム塩化物,,3,不l正解。　消毒用として使われるのは「逆性石けん（陽イオン界面活性剤）」です。,不l正解。　消毒用として使われるのは「逆性石けん（陽イオン界面活性剤）」です。,正解です。　ベンザルコニウム塩化物は殺菌作用があり、器具の消毒などに利用されます。,,,,,,,,,,,,,,,,
71,1109,1300,界面活性剤,歴史的に最も古くから用いられている界面活性剤はどれですか？,リンス,石けん,合成洗剤,,2,不l正解。　合成洗剤などは近代になって作られたものです。,正解です。　「石けん」は紀元前から作られていた、最も歴史のある界面活性剤です。,不l正解。　合成洗剤などは近代になって作られたものです。,,,,,,,,,,,,,,,,
72,1110,1400,高分子化合物,小さな分子が次々と結合してできた、巨大な分子を何といいますか？,低分子化合物,中分子化合物,高分子化合物,,3,不l正解。　1万という非常に大きな分子量を持つものを「高分子化合物」といいます。,不l正解。　1万という非常に大きな分子量を持つものを「高分子化合物」といいます。,正解です。　分子量が1万を超えるような非常に大きな分子を高分子化合物といいます。,,,,,,,,,,,,,,,,
73,1110,1400,高分子化合物,毛髪や爪の主成分である、硬い天然高分子化合物はどれですか？,コラーゲン,ケラチン,エラスチン,,2,不l正解。　コラーゲンは肌の弾力を保つ成分です。,正解です。　「ケラチン」は硫黄を含んだ硬いタンパク質で、毛髪や爪の主成分です。,不l正解。　コラーゲンは肌の弾力を保つ成分です。,,,,,,,,,,,,,,,,
74,1110,1400,高分子化合物,皮膚の真皮に存在し、網目状に広がっている天然高分子化合物はどれですか？,コラーゲン,キトサン,ロジン,,1,正解です。　「コラーゲン」は真皮の主要なタンパク質で、肌のハリを支えています。,不l正解。　真皮の主要なタンパク質はコラーゲンです。,不l正解。　真皮の主要なタンパク質はコラーゲンです。,,,,,,,,,,,,,,,,
75,1110,1400,高分子化合物,カニやエビの殻に含まれる天然高分子化合物はどれですか？,ケラチン,アラビアゴム,キトサン,,3,不l正解。　甲殻類から得られるのは「キトサン」です。,不l正解。　甲殻類から得られるのは「キトサン」です。,正解です。　カニやエビの殻（キチン）を処理して得られるのがキトサンです。,,,,,,,,,,,,,,,,
76,1110,1400,高分子化合物,次のうち、植物系の「天然高分子化合物」はどれですか？,ニトロセルロース,アラビアゴム,コラーゲン,,2,不l正解。　これは天然高分子のセルロースを部分的に利用して作られるいる半合成高分子です。 ,正解です。　アラビアゴムは植物から得られる高分子化合物です。,不l正解。　コラーゲンは動物の骨や皮などに特有のたんぱく質です。,,,,,,,,,,,,,,,,
77,1110,1400,高分子化合物,マツの樹脂から得られる、粘着性が高い天然高分子化合物は何ですか？,ロジン,キトサン,ケラチン,,1,正解です。　「ロジン（松やに）」はマツの樹脂を精製して得られる高分子化合物です。,不l正解。　マツの樹脂由来のものはロジンです。,不l正解。　マツの樹脂由来のものはロジンです。,,,,,,,,,,,,,,,,
78,1110,1400,高分子化合物,高分子化合物に関する組合せのうち、誤っているものはどれか。,ニトロセルロース、 皮膜形成剤,ポリビニルアルコール、 パック基剤,ネイル、 熱硬化性樹脂,,3,不l正解。　これは正しい組み合わせです。,不l正解。　これは正しい組み合わせです。,正解です。　これは誤りで、香粧品にはすべて熱可塑性樹脂が使われます。,,,,,,,,,,,,,,,,
79,1110,1400,高分子化合物,ビニル系やアクリル系など、化学的に合成された高分子化合物を？,天然高分子,合成高分子,半合成高分子,,2,不l正解。　化学的に合成されたものは「合成高分子」と呼ばれます。,正解です。　ビニル系やアクリル系など、石油などから合成されたものを合成高分子といいます。,不l正解。　化学的に合成されたものは「合成高分子」と呼ばれます。,,,,,,,,,,,,,,,,
80,1110,1400,高分子化合物,ヘアスプレーなどの「皮膜形成剤」として使われる合成高分子はどれ？,PVP(ポリビニルピロリドン),レシチン,キトサン,,1,正解です。　PVP（ポリビニルピロリドン）は、透明な膜を作る性質があり、ヘアスプレーに使われます。,不l正解。　ヘアスプレーの皮膜剤として使われるのはPVPです。,不l正解。　ヘアスプレーの皮膜剤として使われるのはPVPです。,,,,,,,,,,,,,,,,
81,1110,1400,高分子化合物,シャンプーや乳液の「乳化安定剤」や「増粘剤」に使われる合成高分子は？,ケラチン,PVA(ポリビニルアルコール),ロジン,,2,不l正解。　ケラチンは毛髪の主成分です。,正解です。　PVA（ポリビニルアルコール）は、水に溶けて粘り気を出し、製品を安定させます。,不l正解。　ケラチンは毛髪の主成分です。,,,,,,,,,,,,,,,,
82,1110,1400,高分子化合物,次のうち、植物系の天然高分子化合物はどれですか？,エラスチン,キトサン,アラビアゴム,,3,不l正解。　アラビアゴムは植物系です。,不l正解。　アラビアゴムは植物系です。,正解です。　アラビアゴムは植物系です。,,,,,,,,,,,,,,,,
83,1110,1400,高分子化合物,高分子化合物は、小さな分子（単量体）がどのように繋がっていますか？,バラバラに独立している,鎖状に長く繋がっている,丸く固まっている,,2,不l正解。　高分子はバラバラではなく、繋がっています。,正解です。　高分子は、モノマー（単量体）が鎖のように長く結合した構造をしています。,不l正解。　高分子はバラバラではなく、繋がっています。,,,,,,,,,,,,,,,,
84,1110,1400,高分子化合物,皮膚の弾力性を保つため、コラーゲンと共に存在しているのは？,エラスチン,アラビアゴム,PVP,,1,正解です。　エラスチンは真皮にあり、コラーゲンを繋ぎ止めて弾力を保ちます。,不l正解。　アラビアゴムは植物系の天然高分子です。,不l正解。　アラビアゴムは植物系の天然高分子です。,,,,,,,,,,,,,,,,
85,1110,1400,高分子化合物,天然の高分子化合物のうち、コラーゲンやケラチンは何系ですか？,植物系,動物系,合成高分子,,2,不l正解。　植物由来ならデンプンなどになります。,正解です。　自然界にある生物から得られる高分子を天然高分子といい、これらは動物系です。,不l正解。　植物由来ならデンプンなどになります。,,,,,,,,,,,,,,,,
86,1110,1400,高分子化合物,キトサンの原料として正しいものはどれですか？,豚や牛の皮,カニやエビの殻,樹木の樹脂,,2,不l正解。　真皮はコラーゲンです。,正解です。　キトサンはカニやエビなどの甲殻類に含まれる成分を処理したものです。,不l正解。　真皮はコラーゲンです。,,,,,,,,,,,,,,,,
87,1110,1400,高分子化合物,高分子化合物の特性として、適切なものはどれですか？,熱に非常に弱い,独特の粘性がある,水に非常に溶けやすい,,2,不l正解。　高分子は熱で変質しやすいものもあります。,正解です。　高分子化合物は、水などに溶かすと特有の粘り気が出る性質があります。,不l正解。　高分子は熱で変質しやすいものもあります。,,,,,,,,,,,,,,,,
88,1111,1500,色材,水や油に溶ける性質を持つ、粒子が非常に細かい色材は何ですか？,顔料,染料,体質顔料,,2,不l正解。　顔料は溶けずに分散するものです。,正解です。　染料は水や油などの溶媒に溶けて、物質を染めることができます。,不l正解。　顔料は溶けずに分散するものです。,,,,,,,,,,,,,,,,
89,1111,1500,色材,水や油に溶けない不溶性の色材を何といいますか？,染料,顔料,合成色素,,2,不l正解。　染料は溶ける性質があります。,正解です。　顔料は水や油に溶けないため、粒子として分散させて使用します。,不l正解。　染料は溶ける性質があります。,,,,,,,,,,,,,,,,
90,1111,1500,色材,色材が光や熱に強く、変色しにくい性質を何といいますか？,耐光性・耐熱性,揮発性,吸湿性,,1,正解です。　光による退色や変色に耐える力を耐光性、熱に耐える力を耐熱性といいます。,不l正解。　揮発性は蒸発する性質、吸湿性は水を吸う性質です。,不l正解。　揮発性は蒸発する性質、吸湿性は水を吸う性質です。,,,,,,,,,,,,,,,,
91,1111,1500,色材,ファンデーションなどで、肌の欠点を覆い隠す力を何といいますか？,展延力,被覆力,吸着力,,2,不l正解。　展延力は広がりやすさ、吸着力はつきやすさのことです。,正解です。　肌の欠点を覆い隠して目立たなくさせる力を被覆力といいます。,不l正解。　展延力は広がりやすさ、吸着力はつきやすさのことです。,,,,,,,,,,,,,,,,
92,1111,1500,色材,酸化鉄や群青のように、天然の鉱物などから作られる色材は？,有機顔料,無機顔料,合成染料,,2,不l正解。　鉱物由来のものは無機顔料です。,正解です。　酸化鉄などの鉱物から作られるものを無機顔料といいます。,不l正解。　鉱物由来のものは無機顔料です。,,,,,,,,,,,,,,,,
93,1111,1500,色材,ファンデーションの「色味」を調節するために使われるのは？,着色顔料,体質顔料,真珠光沢,,1,正解です。　酸化鉄などの着色顔料を混ぜることで、製品に色をつけます。,不l正解。　体質顔料は形を整えたり質感を出したりするために使われます。,不l正解。　体質顔料は形を整えたり質感を出したりするために使われます。,,,,,,,,,,,,,,,,
94,1111,1500,色材,代表的な白色顔料で、しっかりとした被覆力を持つのは？,酸化チタン,酸化亜鉛,カーボンブラック,,1,正解です。　酸化チタンは白く塗る力が非常に強く、ファンデーションの主成分になります。,不l正解。　酸化亜鉛も白いですが、被覆力は酸化チタンの方が強いです。,不l正解。　酸化亜鉛も白いですが、被覆力は酸化チタンの方が強いです。,,,,,,,,,,,,,,,,
95,1111,1500,色材,粒子の細かい酸化チタンは、紫外線を防ぐために使われます。防ぐのは何？,赤外線,紫外線,可視光線,,2,不l正解。　防ぐべき有害な光線は紫外線です。,正解です。　酸化チタンの粒子を非常に小さくすると、紫外線を乱反射させて防ぐ効果が高まります。,不l正解。　防ぐべき有害な光線は紫外線です。,,,,,,,,,,,,,,,,
96,1111,1500,色材,別名を亜鉛華とも呼ばれる白色顔料はどれですか？,酸化チタン,酸化亜鉛,カオリン,,2,不l正解。　酸化チタンはチタン白と呼ばれます。,正解です。　酸化亜鉛は亜鉛華とも呼ばれ、透明感のある白さを出します。,不l正解。　酸化チタンはチタン白と呼ばれます。,,,,,,,,,,,,,,,,
97,1111,1500,色材,酸化亜鉛が持つ、皮膚をキュッと引き締める効果を何といいますか？,酸化作用,収れん作用,還元作用,,2,不l正解。　引き締める力は収れん作用といいます。,正解です。　皮膚組織や血管を収縮させ、肌を健やかに保つ働きを収れん作用といいます。,不l正解。　引き締める力は収れん作用といいます。,,,,,,,,,,,,,,,,
98,1111,1500,色材,黄色・赤色・黒色のバリエーションがあり、色味調節に使われるのは？,酸化鉄,群青,タール色素,,1,正解です。　酸化鉄は安全性も高く、肌色を作るための最も基本的な顔料です。,不l正解。　安全性が高く、色味の調整に不可欠なのは酸化鉄です。,不l正解。　安全性が高く、色味の調整に不可欠なのは酸化鉄です。,,,,,,,,,,,,,,,,
99,1111,1500,色材,酸化鉄のうち、赤色をしたものは何と呼ばれますか？,ベンガラ,墨,真珠,,1,正解です。　赤色の酸化鉄はベンガラと呼ばれ、チークや口紅に使われます。,不l正解。　赤色の酸化鉄はベンガラといいます。,不l正解。　赤色の酸化鉄はベンガラといいます。,,,,,,,,,,,,,,,,
100,1111,1500,色材,眉墨やアイライナーを黒く着色するために使われる顔料は？,酸化チタン,カーボンブラック,コンジョウ,,2,不l正解。　酸化チタンは白、コンジョウは青です。,正解です。　カーボンブラックは、炭から作られる真っ黒な顔料で、アイメイクに使われます。,不l正解。　酸化チタンは白、コンジョウは青です。,,,,,,,,,,,,,,,,
101,1111,1500,色材,青色系の代表的な無機顔料はどれですか？,群青,酸化鉄,亜鉛華,,1,正解です。　群青は熱に強い青色顔料です。,不l正解。　酸化鉄は赤・黄・黒、亜鉛華は白です。,不l正解。　酸化鉄は赤・黄・黒、亜鉛華は白です。,,,,,,,,,,,,,,,,
102,1112,1500,色材,有機合成色素の別名を何といいますか？,天然色素,タール色素,鉱物色素,,2,不l正解。　合成色素の別名はタール色素です。,正解です。　かつて石炭のタールから作られていたため、今でもタール色素と呼ばれます。,不l正解。　合成色素の別名はタール色素です。,,,,,,,,,,,,,,,,
103,1112,1600,香料,香料を大きく2つに分類すると、何と何になりますか？,有機香料と無機香料,無機香料と合成香料,天然香料と合成香料,,3,不l正解。　天然の対義語は合成です。,不l正解。　天然の対義語は合成です。,正解です。　香料は、自然界からとる天然香料と、化学的に作る合成香料に分けられます。,,,,,,,,,,,,,,,,
104,1112,1600,香料,合成香料は、石油や石炭、天然ガスなどの原料から何から作られますか？,天然ガス,水,空気,,1,正解です。　合成香料は、石油や石炭、天然ガスなどの原料から化学的に合成されます。,不l正解。　合成香料の主な原料は、石油、石炭、天然ガスなどです。,不l正解。　合成香料の主な原料は、石油、石炭、天然ガスなどです。,,,,,,,,,,,,,,,,
105,1112,1600,香料,ジャコウジカから得られる代表的な動物性香料は何ですか？,じゃ香,霊猫香,龍涎香,,1,正解です。　ジャコウジカの雄の香嚢から得られる香料を「じゃ香（ムスク）」といいます。,不l正解。　ムスクはジャコウジカから得られる香料です。,不l正解。　ムスクはジャコウジカから得られる香料です。,,,,,,,,,,,,,,,,
106,1112,1600,香料,香粧品に使われる主な動物性香料は何種類ありますか？,2種類,4種類,10種類,,2,不l正解。　主要な動物性香料は、じゃ香、霊猫香、海狸香、龍涎香の4種類です。,正解です。　主な動物性香料として、じゃ香、霊猫香、海狸香、龍涎香の4種類が知られています。,不l正解。　主要な動物性香料は4種類です。,,,,,,,,,,,,,,,,
107,1112,1600,香料,希少な野生動植物の国際取引を規制している条約は何ですか？,ワシントン条約,ラムサール条約,京都議定書,,1,正解です。　「ワシントン条約」により、希少な動物性香料の取引も厳しく制限されています。,不l正解。　野生動物の国際取引を規制するのはワシントン条約です。,不l正解。　野生動物の国際取引を規制するのはワシントン条約です。,,,,,,,,,,,,,,,,
108,1112,1600,香料,現在、野生動物保護の観点から動物性香料の使用はどうなっていますか？,推奨されている,禁止されている,自由に使われている,,2,不l正解。　野生動物保護のため、現在では天然の動物性香料の使用は原則禁止されています。,正解です。　現在、動物保護の観点から天然の動物性香料の使用は禁止または厳しく制限されています。,不l正解。　野生動物保護のため、現在は自由に使用することはできません。,,,,,,,,,,,,,,,,
109,1112,1600,香料,ローズ油やラベンダー油は、植物のどの部分から抽出されますか？,葉,花,果皮,,2,不l正解。　これらは「花」から抽出される精油の代表例です。,正解です。　ローズやラベンダーは、主に「花」の部分から香料が抽出されます。,不l正解。　これらは主に「花」から抽出されます。,,,,,,,,,,,,,,,,
110,1112,1600,香料,レモン油やオレンジ油は、植物のどの部分から抽出されますか？,種子,樹脂,果皮,,3,不l正解。　柑橘系の香料は、主に「果皮（皮）」から抽出されます。,不l正解。　柑橘系の香料は、主に「果皮」から抽出されます。,正解です。　レモンやオレンジなどの柑橘類は、その「果皮」に多くの香料成分が含まれています。,,,,,,,,,,,,,,,,
111,1112,1600,香料,ミル油（ミルラ）やガルバヌムは、植物のどの部分から抽出されますか？,樹脂,種子,葉,,1,正解です。　ミルラ（没薬）などは、樹木から分泌される「樹脂」から得られる香料です。,不l正解。　ミルラやガルバヌムは「樹脂」から抽出されます。,不l正解。　ミルラやガルバヌムは「樹脂」から抽出されます。,,,,,,,,,,,,,,,,
112,1113,1700,配合原料,現在、香粧品の防腐剤として最も広く使われている成分は何ですか？,パラオキシ安息香酸エステル（パラベン）,パラアミノ安息香酸,エデト酸,,1,正解です。「パラベン」は、幅広い菌に対して効果があり、安全性も高いため広く使われています。,不l正解。　防腐剤として最も一般的なのはパラベンです。,不l正解。　防腐剤として最も一般的なのはパラベンです。,,,,,,,,,,,,,,,,
113,1113,1700,配合原料,殺菌剤の主な働きは、微生物に対してどのような作用をすることですか？,酸化,変色,増殖の抑制・死滅,,3,不l正解。　殺菌剤の主目的は、微生物を死滅させたり増殖を抑えたりすることです。,不l正解。　殺菌剤の主目的は、微生物を死滅させたり増殖を抑えたりすることです。,正解です。殺菌剤は微生物を殺したり（殺菌）、増殖を抑えたり（静菌）する働きを持ちます。,,,,,,,,,,,,,,,,
114,1113,1700,配合原料,代表的な殺菌剤として用いられる「逆性石けん」の成分はどれですか？,ベンザルコニウム塩,ベンガラ,カリウム石けん,,1,正解です。「ベンザルコニウム塩」は殺菌力が強く、器具や手指の消毒に使われます。,不l正解。　正解は「ベンザルコニウム塩」です。,不l正解。　正解は「ベンザルコニウム塩」です。,,,,,,,,,,,,,,,,
115,1113,1700,配合原料,空気中の酸素により酸化されやすい油分や香料を守るために配合されるのは？,防腐剤,酸化防止剤,サンスクリーン剤,,2,不l正解。　防腐剤は菌を防ぐもの、酸化を防ぐのは酸化防止剤です。,正解です。油分や香料が酸素と反応して変質（酸敗）するのを防ぐために配合されます。,不l正解。　防腐剤は菌を防ぐもの、酸化を防ぐのは酸化防止剤です。,,,,,,,,,,,,,,,,
116,1113,1700,配合原料,油性原料が空気中の酸素と反応して変質することを何といいますか？,自動酸化,中和反応,還元反応,,1,正解です。油が空気中の酸素と自然に反応して分解・変質することを「自動酸化」といいます。,不l正解。　酸素による自然な変質を自動酸化といいます。,不l正解。　酸素による自然な変質を自動酸化といいます。,,,,,,,,,,,,,,,,
117,1113,1700,配合原料,ビタミンEとも呼ばれ、安全性の高い天然の酸化防止剤は何ですか？,BHT,BHA,トコフェロール,,3,不l正解。　ビタミンEの化学名はトコフェロールです。,不l正解。　ビタミンEの化学名はトコフェロールです。,正解です。「トコフェロール」は植物油などに含まれる、天然由来の安全な酸化防止剤です。,,,,,,,,,,,,,,,,
118,1113,1700,配合原料,合成の酸化防止剤で、ジブチルヒドロキシトルエンの略称は何ですか？,ブチルヒドロキシアニソール（BHA）,ジブチルヒドロキシトルエン（BHT）,パラアミノ安息香酸,,2,不l正解。　BHTは「ジブチルヒドロキシトルエン」の略称です。,正解です。BHTの正式名称はジブチルヒドロキシトルエンで、強力な酸化防止剤です。,不l正解。　BHTは「ジブチルヒドロキシトルエン」の略称です。,,,,,,,,,,,,,,,,
119,1113,1700,配合原料,香粧品に含まれる微量な金属による変質を防ぐために配合されるのは？,紫外線吸収剤,金属イオン封鎖剤（キレート剤）,収れん剤,,2,不l正解。　金属による悪影響を防ぐのは、金属イオン封鎖剤です。,正解です。微量な金属イオンを捕まえて、酸化などの反応を抑える働きをします。,不l正解。　金属による悪影響を防ぐのは、金属イオン封鎖剤です。,,,,,,,,,,,,,,,,
120,1113,1700,配合原料,金属イオン封鎖剤の代表的な成分で、EDTAとも呼ばれるのはどれですか？,クエン酸,エデト酸,安息香酸,,2,不l正解。　エデト酸の別名がEDTA（エチレンジアミン四酢酸）です。,正解です。エデト酸は、非常に強力な金属イオン封鎖（キレート）作用を持ちます。,不l正解。　エデト酸の正式名称はエチレンジアミン四酢酸です。,,,,,,,,,,,,,,,,
121,1114,1700,配合原料,地表に到達する長波長紫外線で、肌の奥（真皮）まで届くのはどれですか？,UV-A,UV-B,UV-C,,1,正解です。「UV-A」は波長が長く、雲やガラスを透過して肌の真皮まで到達し、シワの原因となります。,不l正解。　真皮まで深く届くのはUV-Aです。,不l正解。　真皮まで深く届くのはUV-Aです。,,,,,,,,,,,,,,,,
122,1114,1700,配合原料,中波長紫外線で、細胞遺にダメージを与え、日焼け（サンバーン）を起こすのは？,UV-A,UV-B,UV-C,,2,不l正解。　炎症や日焼け（サンバーン）の主な原因はUV-Bです。,正解です。「UV-B」はエネルギーが強く、皮膚に炎症を起こしたり、メラニンを増やしたりします。,不l正解。　炎症や日焼け（サンバーン）の主な原因はUV-Bです。,,,,,,,,,,,,,,,,
123,1114,1700,配合原料,UV-Bを吸収する紫外線吸収剤として使われるのはどれですか？,ベンゾフェノン誘導体,酸化チタン,パラベン,,1,正解です。ベンゾフェノン誘導体は、紫外線をエネルギーとして吸収し、肌を守る成分です。,不l正解。　酸化チタンは紫外線を「反射・散乱」させる散乱剤です。,不l正解。　酸化チタンは紫外線を「反射・散乱」させる散乱剤です。,,,,,,,,,,,,,,,,
124,1115,1700,配合原料,肌を一時的に引き締め、汗や皮脂の分泌を抑える働きを何といいますか？,収れん作用,湿潤作用,乳化作用,,1,正解です。皮膚を引き締める働きを「収れん（収斂）作用」と呼びます。,不l正解。　引き締める作用は「収れん作用」です。,不l正解。　引き締める働きは「収れん作用」です。,,,,,,,,,,,,,,,,
125,1115,1700,配合原料,収れん作用は、皮膚表面の何が凝固（変化）することで起こりますか？,脂質,タンパク質,糖質,,2,不l正解。　収れん作用は、皮膚のタンパク質が一時的に変化することで起こります。,正解です。収れん剤が皮膚のタンパク質を凝固させ、組織を引き締めます。,不l正解。　収れん作用はタンパク質に作用します。,,,,,,,,,,,,,,,,
126,1115,1700,配合原料,緩和な「陰イオン型」収れん剤として使われるのはどれですか？,クエン酸,乳酸,どちらも,,3,不l正解。　クエン酸と乳酸はどちらも緩和な収れん作用を持ちます。,不l正解。　クエン酸と乳酸はどちらも緩和な収れん作用を持ちます。,正解です。クエン酸も乳酸も、有機酸に分類されるマイルドな収れん剤です。,,,,,,,,,,,,,,,,
127,1115,1700,配合原料,強力な収れん作用を持つ「金属塩型」の代表的な成分は何ですか？,アルミニウム・亜鉛,鉄,マグネシウム,,1,正解です。亜鉛や「アルミニウム」の塩は、強力な引き締め効果を持っています。,不l正解。　強力な引き締め作用があるのは、主に亜鉛やアルミニウムの塩です。,不l正解。　強力な引き締め作用があるのは、主に亜鉛やアルミニウムの塩です。,,,,,,,,,,,,,,,,
128,1115,1700,配合原料,広く用いられる収れん剤で、パラフェノールスルホン酸は何の塩ですか？,ナトリウム,カリウム,亜鉛,,3,不l正解。　この成分は、亜鉛と結びついた「パラフェノールスルホン酸亜鉛」として使われます。,不l正解。　この成分は、亜鉛と結びついた「パラフェノールスルホン酸亜鉛」として使われます。,正解です。パラフェノールスルホン酸亜鉛などは、代表的な収れん剤です。,,,,,,,,,,,,,,,,
129,1115,1700,配合原料,収れん剤が汗腺や脂腺の出口を引き締めることで、抑制されるものは？,皮膚のターンオーバー,汗や皮脂の分泌,メラニンの生成,,2,不l正解。　収れん剤の主な目的は、分泌を一時的に抑えることです。,正解です。収れん剤により組織が引き締まることで、汗や皮脂の過剰な分泌が抑制されます。,不l正解。　収れん剤の主な働きは、分泌を抑えることです。,,,,,,,,,,,,,,,,
130,1116,1800,雑貨原料,ネイルやまつ毛エクステに使用される接着剤は、法律上何に分類されますか？,香粧品,医薬部外品,雑貨,,3,不l正解。　これらは薬機法上の「化粧品」ではなく「雑貨」として扱われます。,不l正解。　これらは薬機法上の「化粧品」ではなく「雑貨」として扱われます。,正解です。まつエクのグルーやネイル用接着剤は、現在「雑貨」の扱いです。,,,,,,,,,,,,,,,,
131,1116,1800,雑貨原料,雑貨として扱われる製品は、薬機法の規制をどうなっていますか？,受けている,受けていない,一部受けている,,2,不l正解。　雑貨は薬機法（医薬品医療機器等法）の対象外となります。,正解です。「雑貨」扱いの製品は、化粧品のような薬機法の厳しい規制を受けません。,不l正解。　雑貨は薬機法の対象には含まれません。,,,,,,,,,,,,,,,,
132,1116,1800,雑貨原料,モノマーが結びついてできた高分子の塊を何といいますか？,単量体,重合体,混合物,,2,不l正解。　単量体は結びつく前の小さな分子のことです。,正解です。モノマー（単量体）が重なり合って繋がったものを重合体（ポリマー）といいます。,不l正解。　単量体が結合したものは重合体です。,,,,,,,,,,,,,,,,
133,1116,1800,雑貨原料,任意の形に成型できる可塑性を持つ高分子物質を総称して何といいますか？,合成樹脂（プラスチック）,天然樹脂,無機化合物,,1,正解です。熱や圧力を加えると自由に形を変えられる性質を持つのが合成樹脂です。,不l正解。　合成と天然を合わせた可塑性高分子の総称は合成樹脂です。,不l正解。　自由な形に成型できる性質を可塑性と呼びます。,,,,,,,,,,,,,,,,
134,1116,1800,雑貨原料,熱を加えると柔らかくなり、冷やすと固まる樹脂の性質を何といいますか？,熱硬化性,熱可塑性,耐熱樹脂,,2,不l正解。　正解は「熱可塑性」です。一度固まると戻らないのが熱硬化性です。,正解です。チョコレートのように、温度によって繰り返し形を変えられる性質を指します。,不l正解。　正解は「熱可塑性」です。,,,,,,,,,,,,,,,,
135,1116,1800,雑貨原料,ネイルやまつ毛エクステに使われる「接着剤」を専門用語で何といいますか？,糊(のり),ボンド,グルー,,3,不l正解。　美容業界では、専用の接着剤を一般的に「グルー」と呼びます。,不l正解。　美容業界では、専用の接着剤を一般的に「グルー」と呼びます。,正解です。ネイルやまつ毛の接着に使われるのは、速乾性の高いグルーです。,,,,,,,,,,,,,,,,
136,1116,1800,雑貨原料,マニキュアに使用される「皮膜形成剤」の代表的な成分は何ですか？,ニトロセルロース,ケラチン,ラノリン,,1,正解です。「ニトロセルロース」は乾燥すると硬い透明な膜を作るため、ネイルの主成分になります。,不l正解。　マニキュアの膜を作る主成分はニトロセルロースです。,不l正解。　マニキュアの膜を作る主成分はニトロセルロースです。,,,,,,,,,,,,,,,,
137,1116,1800,雑貨原料,マニキュアの樹脂を溶かし、塗りやすくするために含まれる成分はどれ？,水溶液,有機溶剤,無機溶剤,,2,不l正解。　樹脂は水には溶けないため、有機溶剤が使われます。,正解です。樹脂を溶かすために、酢酸エチルなどの有機溶剤が配合されています。,不l正解。　樹脂は水には溶けないため、有機溶剤が使われます。,,,,,,,,,,,,,,,,
138,1116,1800,雑貨原料,除光液の主成分で、刺激臭と強力な溶解力を持つ液体は何ですか？,エタノール,アセトン,グリセリン,,2,不l正解。　強力な溶解力でマニキュアを落とすのは、アセトンです。,正解です。「アセトン」は高い溶解性を持ちますが、脱脂力も強いため肌への刺激があります。,不l正解。　強力な溶解力でマニキュアを落とすのは、アセトンです。,,,,,,,,,,,,,,,,
139,1117,1900,スキンケア製品,石けんは、動物や植物からとれる油脂に何を加えて作りますか？,アルカリ,酸,エタノール,,1,正解です。石けんは「油脂」と「アルカリ」を反応させて作られます。,不l正解。　石けんを作るには酸ではなくアルカリが必要です。,不l正解。　石けんを作るには酸ではなくアルカリが必要です。,,,,,,,,,,,,,,,,
140,1117,1900,スキンケア製品,石けんの原料となる主な植物油脂はどれですか？,オリーブ油,パーム油・ヤシ油,ホホバ油,,2,不l正解。　石けんの主要な原料としては、パーム油やヤシ油が最も多く使われます。,正解です。「パーム油」や「ヤシ油（ココナッツ油）」は石けん作りに適した脂肪酸を多く含みます。,不l正解。　石けんの主要な原料としては、パーム油やヤシ油が使われます。,,,,,,,,,,,,,,,,
141,1117,1900,スキンケア製品,油脂にアルカリを加えて加水分解し、石けんを作る反応を何といいますか？,酸化,還元,けん化,,3,不l正解。　石けんを作る特有の化学反応を「けん化（鹸化）」といいます。,不l正解。　石けんを作る特有の化学反応を「けん化（鹸化）」といいます。,正解です。油脂にアルカリを反応させて、グリセリンと脂肪酸塩（石けん）に分けることです。,,,,,,,,,,,,,,,,
142,1117,1900,スキンケア製品,「水酸化ナトリウム」で作った石けんの一般的な性質は？,硬い(硬石けん),やわらかい(軟石けん),液体,,1,正解です。　水酸化ナトリウムを用いると、一般的に固形の硬石けんになります。,不l正解。　水酸化ナトリウムは硬石けんに、水酸化カリウムは軟石けんになります。,不l正解。　水酸化ナトリウムは硬石けんに、水酸化カリウムは軟石けんになります。,,,,,,,,,,,,,,,,
143,1117,1900,スキンケア製品,硬水中でもよく泡立ち、洗浄力を保つことができる界面活性剤の働きは？,第四級アンモニウム塩,メントール,ポリオキシエチレンアルキルエーテル,,3,不l正解。　これは陽イオン界面活性剤で、主にリンスに使われます。,不l正解。　これは清涼剤の一種です。,正解です。　硬水中でも石けんカス（金属石けん）を作りにくい非イオン界面活性剤などの特徴です。,,,,,,,,,,,,,,,,
144,1117,1900,スキンケア製品,私たちが日常の洗顔や体洗いに使っている、固形の石けんはどれですか？,硬質石け,軟質石け,金属石け,,1,正解です。　私たちが普段使っている固形石けんは、水酸化ナトリウムで作られた硬質石けんです。,不l正解。　一般的な固形石けんは硬質石けんです。,不l正解。　一般的な固形石けんは硬質石けんです。,,,,,,,,,,,,,,,,
145,1117,1900,スキンケア製品,化粧石けんは、製造方法によって何と何に分けられますか？,機械練,枠練石け,手練り石,,1,正解です。　大量生産される石けんは、一般的に機械練りで作られます。,不l正解。　安価で溶け崩れにくいのは機械練りです。,不l正解。　安価で溶け崩れにくいのは機械練りです。,,,,,,,,,,,,,,,,
146,1117,1900,スキンケア製品,透明石けんは、製造方法ではどちらに分類されますか？,機械練,枠練石け,粉末石け,,2,不l正解。　じっくり時間をかけて作る透明石けんは、枠練りで作られます。,正解です。　透明石けんは、アルコールなどを用いて枠の中で冷やし固める枠練りで作られます。,不l正解。　じっくり時間をかけて作る透明石けんは、枠練りで作られます。,,,,,,,,,,,,,,,,
147,1117,1900,スキンケア製品,化粧石けんは人体への刺激を抑えるため、どのような原料が使われますか？,低級脂,高級脂,不飽和,,1,正解です。　ラウリン酸などの低級脂肪酸の含有量を調整し、低刺激に仕上げられます。,不l正解。　肌への刺激を抑える工夫がされています。,不l正解。　肌への刺激を抑える工夫がされています。,,,,,,,,,,,,,,,,
148,1117,1900,スキンケア製品,透明石けんを作る際、透明感を出すために加えられる成分はどれですか？,食塩,砂糖,粘土,,2,不l正解。　石けんを透明にするためには、砂糖やグリセリンが使われます。,正解です。　透明石けんには、白濁を防ぐために砂糖（スクロース）などが配合されます。,不l正解。　石けんを透明にするためには、砂糖やグリセリンが使われます。,,,,,,,,,,,,,,,,
149,1117,1900,スキンケア製品,普通の化粧石けんに殺菌剤や消炎剤を配合したものを何といいますか？,透明石け,薬用石け,液体石け,,2,不l正解。　特定の効果を持つ成分を配合したものは薬用石けんです。,正解です。　殺菌剤や消炎剤が含まれるものは、医薬部外品の「薬用石けん」に分類されます。,不l正解。　特定の効果を持つ成分を配合したものは薬用石けんです。,,,,,,,,,,,,,,,,
150,1117,1900,スキンケア製品,石けんの分子が水の中で集まって作る、油を取り込む構造を何といいますか？,ミセル,コロイド,イオン,,1,正解です。　界面活性剤である石けんが水中で集まり、ミセルを作ることで汚れを落とします。,不l正解。　コロイドとは異なる、分子の集合体であるミセルを作ります。,不l正解。　イオンとは電気を帯びた状態のことで、構造の名前はミセルです。,,,,,,,,,,,,,,,,
151,1117,1900,スキンケア製品,軟質石けん(カリ石けん)の主な用途はどれですか？,洗顔,固形石け,クレンジ,,1,正解です。　カリ石けんは水に溶けやすく、ペースト状の洗顔料などの原料になります。,不l正解。　ペースト状で使いやすいため、主に洗顔料に使われます。,不l正解。　ペースト状で使いやすいため、主に洗顔料に使われます。,,,,,,,,,,,,,,,,
152,1117,1900,スキンケア製品,石けんの洗浄作用において、汚れを包み込んで落とす働きを何といいますか？,酸化力,界面活,還元力,,2,不l正解。　汚れを落とすのは、石けんの持つ界面活性作用です。,正解です。　水と油の境界を壊す「界面活性」の働きによって、汚れを水の中に分散させます。,不l正解。　汚れを落とすのは、石けんの持つ界面活性作用です。,,,,,,,,,,,,,,,,
153,1117,1900,スキンケア製品,薬用石けんは化粧品、医薬部外品のどちらに分類されますか？,化粧品,医薬部外品,,,2,不l正解。　一般的な石けんは化粧品ですが、薬用石けんは医薬部外品です。,正解です。　殺菌剤などの有効成分を含むため、医薬部外品として扱われます。,,,,,,,,,,,,,,,,,
154,1118,1900,スキンケア製品,化粧水は、水にさまざまな成分を溶かした液体です。何の調節に使われますか？,粘度,透明度,温度,,1,正解です。　化粧水は成分の配合量を変えることで、肌の水分量や使用感を調節します。,不l正解。　化粧水は乳液やクリームの前に、肌の調子を整える役割をします。,不l正解。　化粧水は乳液やクリームの前に、肌の調子を整える役割をします。,,,,,,,,,,,,,,,,
155,1118,1900,スキンケア製品,皮膚の汚れや分泌過剰な皮脂を取り除く目的で行うケアはどれですか？,柔軟化,洗浄用,収れん化,,2,不l正解。　汚れをオフするのは、洗浄が目的のクレンジングや洗顔です。,正解です。　クレンジングや洗顔料を使い、皮膚を清潔に保つ「洗浄」が目的です。,不l正解。　汚れをオフするのは、洗浄が目的のクレンジングや洗顔です。,,,,,,,,,,,,,,,,
156,1118,1900,スキンケア製品,皮膚面を一時的に引き締め、キメを整える効果を何といいますか？,収れん化,柔軟化,保湿化,,1,正解です。　肌をキュッと引き締め、毛穴を目立たなくさせる効果を収れんといいます。,不l正解。　引き締め効果は、収れん効果と呼ばれます。,不l正解。　引き締め効果は、収れん効果と呼ばれます。,,,,,,,,,,,,,,,,
157,1118,1900,スキンケア製品,化粧水は、水に様々な原料を溶かしたものです。製品によって何が異なりますか？,粘度,透明度,温度,,1,正解です。　化粧水は水のようにサラサラしたものから、少し粘り気のあるものまで、配合成分によって粘度が異なります。,不l正解。　温度は環境で変わるもので、製品自体の性質ではありません。,不l正解。　温度は環境で変わるもので、製品自体の性質ではありません。,,,,,,,,,,,,,,,,
158,1118,1900,スキンケア製品,皮膚の汚れや皮脂などを拭き取って、清潔にするために使われる化粧水はどれですか？,柔軟化粧水,洗浄用化粧水,収れん化粧水,,2,不l正解。　柔軟化粧水は、肌を柔らかくし、水分を補うためのものです。,正解です。　洗浄用化粧水は、クレンジングの残りや皮脂汚れを拭き取るために使われます。,不l正解。　収れん化粧水は肌を引き締めるためのものです。,,,,,,,,,,,,,,,,
159,1118,1900,スキンケア製品,皮膚面を引き締め、汗や皮脂の分泌を抑える目的で使われる化粧水はどれですか？,収れん化粧水,柔軟化粧水,多層式化粧水,,1,正解です。　収れん化粧水は、キメを整え、化粧崩れを防ぐ効果があります。,不l正解。　柔軟化粧水は肌に水分を与え、柔らかくするためのものです。,不l正解。　多層式は成分が分離しているタイプを指します。,,,,,,,,,,,,,,,,
160,1118,1900,スキンケア製品,収れん化粧水の「パラフェノールスルホン酸亜鉛」などは、何の成分に分類されますか？,保湿剤,収れん剤,防腐剤,,2,不l正解。　保湿剤は肌に水分を留める成分です。,正解です。　これらは金属塩としてタンパク質に作用し、肌を引き締める収れん剤です。,不l正解。　防腐剤は製品が腐るのを防ぐ成分です。,,,,,,,,,,,,,,,,
161,1118,1900,スキンケア製品,収れん化粧水のpHは、通常どのようになっていますか？,弱アルカリ性,中性,弱酸性,,3,不l正解。　アルカリ性は肌をふやかしてしまいます。,不l正解。　中性はpH7ですが、引き締め効果には弱酸性が適しています。,正解です。　肌の健康な状態に近い「弱酸性（pH5?6程度）」に調整されています。,,,,,,,,,,,,,,,,
162,1118,1900,スキンケア製品,角質層に水分と保湿成分を補い、皮膚を柔らかく保つために使われる化粧水はどれですか？,洗浄用化粧水,柔軟化粧水,多層式化粧水,,2,不l正解。　洗浄用は汚れを拭き取るものです。,正解です。　柔軟化粧水は、最も一般的に使われる「保湿」目的の化粧水です。,不l正解。　多層式は水と油が分かれているタイプなどを指します。,,,,,,,,,,,,,,,,
163,1118,1900,スキンケア製品,柔軟化粧水は、従来は弱アルカリ性が主流でしたが、現在はどのようなものが一般的ですか？,強酸性,中性,弱酸性,,3,不l正解。　強酸性は肌への刺激が強すぎます。,不l正解。　中性はpH7ですが、現代の主流は弱酸性です。,正解です。　肌の健康な状態を保ち、刺激を少なくするために「弱酸性」が主流となっています。,,,,,,,,,,,,,,,,
164,1118,1900,スキンケア製品,水層と油層、あるいは粉末成分が分かれている化粧水を何といいますか？,多層式化粧水,柔軟化粧水,洗浄用化粧水,,1,正解です。　多層式（たそうしき）化粧水は、使用前に振って混ぜるタイプです。,不l正解。　柔軟化粧水は通常、成分が分離していません。,不l正解。　洗浄用化粧水も通常は成分が分離していません。,,,,,,,,,,,,,,,,
165,1118,1900,スキンケア製品,酸化亜鉛などを配合した「収れん・消炎」目的の化粧水はどれですか？,カラミンローション,漂白作用用,加温作用用,,1,正解です。　カラミンローションは日焼け後の炎症を抑えるのによく使われます。,不l正解。　漂白ではなく、炎症の熱を抑えるために使われます。,不l正解。　炎症の熱を抑えるために使われるため加温用ではありません。,,,,,,,,,,,,,,,,
166,1119,1900,スキンケア製品,人間にとって最も理想的な油性成分といわれるのはどれですか？,オリーブ油,皮脂（ひし）,ワセリン,,2,不l正解。　植物油も良いものですが、人間の肌本来の成分ではありません。,正解です。　自分の毛穴から分泌される「皮脂」が、肌にとって最も理想的な油分です。,不l正解。　ワセリンは保護力は高いですが、理想的な成分としては皮脂が正解です。,,,,,,,,,,,,,,,,
167,1119,1900,スキンケア製品,皮脂は皮膚の表面を覆い、何を防ぐ役割をしていますか？,硬さ,柔軟性と水分蒸発,色味,,2,不l正解。　皮脂が不足すると皮膚は硬くなりますが、主な役割は蒸発防止です。,正解です。　皮脂は皮脂膜となって皮膚の柔軟性を保ち、水分が逃げるのを防ぎます。,不l正解。　皮膚の色味は、主にメラニン色素によって決まります。,,,,,,,,,,,,,,,,
168,1119,1900,スキンケア製品,乳液やクリームのように、水と油を均一に混ぜることを何といいますか？,溶解,乳化,酸化,,2,不l正解。　溶解は、砂糖が水に溶けるような状態を指します。,正解です。　乳化は、本来混ざらない水と油を均一に混ぜ合わせることです。,不l正解。　酸化（さんか）は、物質が酸素と結びついて変質することです。,,,,,,,,,,,,,,,,
169,1119,1900,スキンケア製品,乳液（エマルション）のうち、水の中に油が分散しているのはどれですか？,O/W型（水中油型）,W/O型（油中水型）,混合型,,1,正解です。　O/W型は水分が多く、サラッとした使い心地が特徴です。,不l正解。　W/O型は「油の中に水」が分散しているタイプです。,不l正解。　基本の乳化型はO/WかW/Oのいずれかで分類されます。,,,,,,,,,,,,,,,,
170,1119,1900,スキンケア製品,油の中に水が分散しており、油分が多くしっとりするのはどれですか？,O/W型（水中油型）,W/O型（油中水型）,透明型,,2,不l正解。　O/W型は水分が多く、さっぱりした使い心地です。,正解です。　W/O型は油分の中に水があるため、耐水性が高くしっとりします。,不l正解。　乳化物は通常、光を反射して白く濁ります。,,,,,,,,,,,,,,,,
171,1119,1900,スキンケア製品,バニシングクリームの「バニッシュ（Vanish）」とはどういう意味ですか？,消える,光る,固まる,,1,正解です。　バニッシュ（Vanish）は「消える」という意味で、塗ると肌で見えなくなるのが特徴です。,不l正解。　バニシングクリームはステアリン酸を主成分とした、ベタつかないクリームです。,不l正解。　塗った後にサラッとして消えたように見えるためバニッシュと呼ばれます。,,,,,,,,,,,,,,,,
172,1119,1900,スキンケア製品,収れん化粧水は、皮膚を一時的に引き締めて何を防ぎますか？,汗や皮脂の過剰分泌,血液の循環,栄養分の吸収,,1,正解です。　収れん（しゅうれん）作用は、肌を整え化粧崩れを防ぐ効果があります。,不l正解。　収れん剤は皮膚の表面に作用し、不要なベタつきを抑えます。,不l正解。　肌に必要な栄養を止めるのではなく、不要なベタつきを防ぎます。,,,,,,,,,,,,,,,,
173,1119,1900,スキンケア製品,収れん化粧水のpH（ピーエッチ）は、通常どの範囲ですか？,弱アルカリ性,中性,弱酸性,,3,不l正解。　アルカリ性は肌をふやかしてしまいます。,不l正解。　中性はpH7ですが、肌を引き締めるには弱酸性が適しています。,正解です。　肌本来の性質（弱酸性）に合わせることで、刺激を少なく引き締めます。,,,,,,,,,,,,,,,,
174,1120,1900,スキンケア製品,トリートメントの本来の目的はどれですか？,一時的に手触りを良くする,積極的に髪の傷みを補修する,そのままの状態を維持する,,2,不l正解。　一時的に手触りを良くするだけならコンディショナーの役割です。,正解です。　トリートメントは髪の内部に浸透し、傷んだ状態を改善する目的があります。,不l正解。　劣化した状態を維持するのではなく、より良い状態へ改善します。,,,,,,,,,,,,,,,,
175,1120,1900,スキンケア製品,水層と油層、あるいは水層と粉末層が分かれているものはどれですか？,シェイク（振る）タイプ,エモリエントタイプ,バニシングタイプ,,1,正解です。　シェイク（振る）タイプは、使用前に振って2つの層を混ぜて使います。,不l正解。　エモリエントは「皮膚を柔らかくする」という意味のタイプです。,不l正解。　バニシングは主に「消えるクリーム」の名に使われます。,,,,,,,,,,,,,,,,
176,1120,1900,スキンケア製品,脂性肌用に使われるカラミンローションに含まれる粉末は何ですか？,酸化鉄,酸化チタン,酸化亜鉛,,3,不l正解。　酸化鉄は主に色味の調整に使われます。,不l正解。　酸化チタンは、主に紫外線を散乱させるために使われます。,正解です。　酸化亜鉛は、炎症を抑えたり肌を引き締めたりします。,,,,,,,,,,,,,,,,
177,1120,1900,スキンケア製品,トリートメント香粧品は、従来の製品により高度な何を付加した製品ですか？,機能性,価格帯,広告宣伝,,1,正解です。　　機能性とは、単なる洗浄だけでなく、補修や保護といった特定の働きを強めることです。,不l正解。　価格を上げることではなく、製品自体の働き（機能）を良くすることが目的です。,不l正解。　宣伝を増やすことではなく、製品そのものの質を高めたものです。正解は機能性です。,,,,,,,,,,,,,,,,
178,1121,1900,スキンケア製品,美白用香粧品は、肌の色に影響する何の生成を抑えますか？,ケラチン,メラニン,コラーゲン,,2,不l正解。　ケラチンは毛髪や爪の主成分となるタンパク質です。,正解です。　メラニンは肌を黒くする原因となる色素で、その生成を抑えるのが美白です。,不l正解。　コラーゲンは肌のハリ（弾力）を保つための成分です。,,,,,,,,,,,,,,,,
179,1121,1900,スキンケア製品,市販されている美白用香粧品の多くは、何に分類されますか？,化粧品,医薬部外品,一般用医薬品,,2,不l正解。　特定の効能（美白など）を表示する場合は、通常医薬部外品となります。,正解です。　特定の効果が認められているため、医薬部外品（薬用化粧品）となります。,不l正解。　医薬品は治療が目的のお薬です。,,,,,,,,,,,,,,,,
180,1121,1900,スキンケア製品,代表的な美白成分として、コケモモなどに含まれる成分は何ですか？,アルブチン,エタノール,パラベン,,1,正解です。アルブチンは植物のコケモモなどに含まれる代表的な美白成分です。,不l正解。　エタノールはお酒や消毒に使われる成分です。,不l正解。　パラベンは製品の腐敗を防ぐ「防腐剤」です。,,,,,,,,,,,,,,,,
181,1122,1900,スキンケア製品,ひげを剃りやすくするため、ひげをどうする目的がありますか？,収縮させる,膨潤させる,酸化させる,,2,不l正解。　収縮させると毛が硬くなり、剃りにくくなります。,正解です。水分を与えてひげを太く柔らかく（膨潤）させることで、剃りやすくなります。,不l正解。　酸化は酸素と結びついて変質することであり、逆効果です。,,,,,,,,,,,,,,,,
182,1122,1900,スキンケア製品,電気かみそり用のローションが、ひげを立たせて滑りを良くするのは？,柔らかくするため,立たせて滑りを良くするため,溶かして無くすため,,2,不l正解。　毛を寝かせてしまうと、電気かみそりの刃にかかりにくくなります。,正解です。収れん剤の働きで毛を立たせ、滑りを良くします。,不l正解。　毛を溶かすのは除毛剤の働きです。,,,,,,,,,,,,,,,,
183,1122,1900,スキンケア製品,中波長紫外線（UV-B）による日焼けを防ぐ指標はどれですか？,SPF,PA,pH,,1,正解です。SPF（エス・ピー・エフ）は、サンバーン（赤くなる日焼け）を防ぐ指標です。,不l正解。　PA（ピー・エー）は、UV-Aを防ぐ指標です。,不l正解。　pH（ピーエッチ）は液体の酸性・アルカリ性の度合いです。,,,,,,,,,,,,,,,,
184,1122,1900,スキンケア製品,長波長紫外線（UV-A）による日焼けを防ぐ指標はどれですか？,SPF,PA,pH,,2,不l正解。　SPFは肌の表面に炎症を起こすUV-Bを防ぐ指標です。,正解です。PA（ピー・エー）は、雲や窓ガラスを透過するUV-Aを防ぐ指標です。,不l正解。　紫外線の防御指標にpHは使われません。,,,,,,,,,,,,,,,,
185,1122,1900,スキンケア製品,美白成分の一つである「プラセンタエキス」は、動物の何の組織から得られますか？,皮膚,胎盤（たいばん）,筋肉,,2,不l正解。　プラセンタ（Placenta）はラテン語で特定の臓器を指します。,正解です。　　胎盤から抽出された成分で、栄養が豊富で美白や保湿の目的で使われます。,不l正解。　筋肉から抽出されるものではありません。正解は胎盤です。,,,,,,,,,,,,,,,,
186,1122,1900,スキンケア製品,収れん剤の代表例であるパラフェノールスルホン酸（ ）はどれですか？,亜鉛,ナトリウム,カリウム,,1,正解です。　　パラフェノールスルホン酸亜鉛は、肌をキュッと引き締める働きがある代表的な成分です。,不l正解。　この成分名には通常「亜鉛」が組み合わされて収れん剤として使われます。,不l正解。　正解は亜鉛です。,,,,,,,,,,,,,,,,
187,1123,2000,メイクアップ製品,「化粧すること」を指す正しい英語はどれですか？,make,makeup（メイクアップ）,face-making,,2,不正解です。　make（メイク）は単体では「作る」という動詞になり、化粧の意味では使いません。,正解です。　「メイクアップ（makeup）」が正しい名称です。日本語では略してメイクと言いますが、英語ではこちらが正解です。,不正解です。　face-makingは「顔を作ること」を直訳したような表現で、英語としては不自然です。,,,,,,,,,,,,,,,,
188,1123,2000,メイクアップ製品,肌の色や質感を整えて美しく見せるためのものを何といいますか？,ベースメイクアップ香粧品,ポイントメイクアップ香粧品,基礎化粧品,,1,正解です。　　ベースメイクは、ファンデーションなどのように肌の「土台（ベース）」を整えるものを指します。,不正解です。　ポイントメイクアップは、目や口など「特定の部分」を彩るものを指します。正解はベースメイクアップです。,不正解です。　基礎化粧品は、化粧水や乳液のように「肌そのものを健やかに保つ」ためのものです。,,,,,,,,,,,,,,,,
189,1123,2000,メイクアップ製品,唇や目もとなどを色彩的に強調し、魅力を引き出すものを何といいますか？,ベースメイクアップ香粧品,ポイントメイクアップ香粧品,特殊化粧品,,2,不正解です。　ベースメイクアップは肌の色や質感を均一に整えるための土台作りです。,正解です。　　口紅やマスカラのように、顔の特定の箇所（ポイント）を強調して装うものを指します。,不正解です。　特殊化粧品は、舞台用などの特別な用途のものを指します。正解はポイントメイクアップです。,,,,,,,,,,,,,,,,
190,1123,2000,メイクアップ製品,江戸時代のおしろいに含まれ、中毒の原因となった有害な物質は何ですか？,鉛・水銀,鉄・銅,亜鉛・マグネシウム,,1,正解です。　かつてのおしろいには、白さを出すために「鉛（なまり）」や「水銀」が含まれており、健康を害する大きな社会問題となりました。,不正解です。　鉄や銅は現代の化粧品の着色などに使われますが、当時の中毒原因ではありません。,不正解です。　亜鉛やマグネシウムは、現代の化粧品でも安全な原料として広く使われています。,,,,,,,,,,,,,,,,
191,1123,2000,メイクアップ製品,おしろいの性質で、肌への「のび」の良さを指す言葉は何ですか？,被覆力,展延性（てんえんせい）,付着力,,2,不正解です。　被覆力は、肌のシミなどをどれくらい「覆い隠すか」という力のことです。,正解です。　　展延性とは、化粧品が肌の上でスムーズに広がっていく「のび」の良さを表す専門用語です。,不正解です。　付着力は、粉が肌にどれくらい「しっかりつくか」という性質のことです。,,,,,,,,,,,,,,,,
192,1123,2000,メイクアップ製品,おしろいの「展延性」を高めるために主に用いられる原料は何ですか？,タルク,酸化チタン,マイカ,,1,正解です。　　タルクは滑石き）を粉末にしたもので、肌の上でスムーズに広がる「展延性（のび）」を良くします。,不正解です。　酸化チタンは主にシミなどを隠す「被覆力」を高めるために使われます。,不正解です。マイカは透明感や、程よい光沢を出すために使われることが多い原料です。正解はタルクです。,,,,,,,,,,,,,,,,
193,1123,2000,メイクアップ製品,おしろいで、しみやそばかすを隠し覆う力を何といいますか？,付着力,展延性,被覆力,,3,不正解です。　付着力は、粉が肌にどれくらいしっかりくっつくかという力のことです。,不正解です。　展延性は、肌の上で薄く均一に広がる「のび」の良さのことです。,正解です。　　被覆力とは、肌の欠点を隠して覆い隠す力のことです。,,,,,,,,,,,,,,,,
194,1123,2000,メイクアップ製品,おしろいの「被覆力」を高めるために使われる代表的な白色顔料は何ですか？,酸化チタン,タルク,カオリン,,1,正解です。　　酸化チタンは白い色が強く、肌を覆い隠す力が非常に優れています。,不正解です。　タルクは「のび（展延性）」を良くするための原料です。,不正解です。　カオリンは肌への密着を良くしたりする原料です。,,,,,,,,,,,,,,,,
195,1123,2000,メイクアップ製品,口紅の主な役割は、唇の色を美しく見せることと、もう一つは何ですか？,紫外線対策,乾燥から守る,摩擦から守る,,2,不正解です。　紫外線対策も大切ですが、主な役割は乾燥防止です。,正解です。　　唇には汗腺や皮脂腺がないため非常に乾燥しやすく、口紅は水分が逃げるのを防ぎます。,不正解です。　水分が逃げるのを防いで潤いを保つことが大きな役割です。,,,,,,,,,,,,,,,,
196,1123,2000,メイクアップ製品,口紅やアイシャドウにパールのような光沢（真珠光沢）を与える顔料は？,ベンガラ,酸化鉄,雲母チタン,,3,不正解です。　ベンガラは赤色をつけるための酸化鉄の一種です。,不正解です。酸化鉄は赤・黄・黒などの色をつける基本的な顔料です。,正解です。　　雲母（マイカ）を酸化チタンなどで薄く包んだ成分で、真珠のような輝きを出します。,,,,,,,,,,,,,,,,
197,1123,2000,メイクアップ製品,頬紅（ほおべに）に、「顔料」が使われる主な理由は何ですか？,色が鮮やかだから,安全性が高いから,安価だから,,2,不正解です。　色は染料の方が鮮やかですが、安全面で顔料が選ばれます。,正解です。　　顔料は肌に浸透せず、安全性が高いため頬紅に使われます。,不正解です。　価格の安さではなく、安全性のために顔料が使われます。,,,,,,,,,,,,,,,,
247,1123,2000,メイクアップ製品,まつ毛に塗布して、まつ毛を濃く、長く、美しく見せる化粧品はどれ？,アイライナー,マスカラ,シャドウ,,2,不正解です。　アイライナーは目の縁に線を引くためのものです。,正解です。　　マスカラを塗ることで、まつ毛にボリュームや長さを出します。,不正解です。　シャドウはまぶたに色や影を乗せるためのものです。,,,,,,,,,,,,,,,,
248,1123,2000,メイクアップ製品,目の周辺は特に敏感なため、化粧品に最も求められる安全性は何ですか？,細菌（微生物）汚染の防止,空気による酸化防止,日光による変色防止,,1,正解です。　　目は非常にデリケートなため、微生物の繁殖を防ぐ衛生管理が最も重要です。,不正解です。　衛生面では細菌汚染の防止が最優先されます。,不正解です。　衛生面では細菌汚染の防止が最も重要です。,,,,,,,,,,,,,,,,
198,1124,2000,メイクアップ製品,アイシャドウを眼瞼（まぶた）に塗る主な目的は何ですか？,陰影と立体感,透明感,洗浄力,,1,正解です。　　まぶたに暗い色（影）を乗せることで、目に深みや立体感を出します。,不正解です。　透明感を出す効果もありますが、主な目的は陰影による立体感です。,不正解です。　洗浄力はクレンジング（化粧落とし）の役割です。,,,,,,,,,,,,,,,,
199,1124,2000,メイクアップ製品,まつ毛の生え際沿いに細い線を描いて、目をはっきり見せる化粧品は？,マスカラ,アイライナー,アイブロウ,,2,不正解です。　マスカラは、まつ毛そのものを濃くしたり長くしたりするものです。,正解です。　　アイライナーは、目の縁に線を引くことで目をくっきり見せます。,不正解です。アイブロウは、眉毛を整えたり描いたりするためのものです。,,,,,,,,,,,,,,,,
200,2125,2100,シャンプー、スタイリング料,シャンプー剤において、汚れを落とす主成分（洗浄成分）は何ですか？,陰（アニオン）界面活性剤,陽（カチオン）界面活性剤,非イオン型,,1,正解です。　　陰（アニオン）界面活性剤は汚れを落とす力が強く、シャンプーの主成分です。,不正解です。陽（カチオン）界面活性剤は、主にリンスやトリートメントに使われます。,不正解です。　非イオン型は、泡立ちを安定させたり、洗浄力を調整したりするために使われます。,,,,,,,,,,,,,,,,
201,2125,2100,シャンプー、スタイリング料,アミノ酸系やベタイン系の洗浄剤が、低刺激なのはどのような液性だから？,強アルカリ性,弱酸性,強酸性,,2,不正解です。　強アルカリ性は皮膚を刺激し、タンパク質を傷めてしまいます。,正解です。　　弱酸性は肌の性質に近く、刺激が少ないのが特徴です。,不正解です。強酸性は髪のタンパク質を傷める原因になります。,,,,,,,,,,,,,,,,
202,2125,2100,シャンプー、スタイリング料,以前の石けんシャンプー後、髪のベタつきやキシみを防ぐために使われたのは？,油性リンス,酸性リンス,アルカリ性リンス,,2,不正解です。油性リンスは主にツヤ出しが目的です。,正解です。　　石けん自体がアルカリ性なので、酸性リンスで中和してキシみを防いでいました。,不正解です。アルカリ性を中和するためには、酸性リンスが必要です。,,,,,,,,,,,,,,,,
203,2125,2100,シャンプー、スタイリング料,現代のリンス剤の主成分で、髪への吸着力が強いのはどれですか？,陰（アニオン）界面活性剤,陽（カチオン）界面活性剤,非イオン型,,2,不正解です。　陰（アニオン）型は、主にシャンプーの洗浄成分として使われます。,正解です。　　陽（カチオン）イオン型は髪への吸着力が強いため、リンスの主成分になります。,不正解です。　非イオン型は髪への吸着力が弱いため、リンスの主成分には向きません。,,,,,,,,,,,,,,,,
204,2125,2100,シャンプー、スタイリング料,リンス剤に含まれる代表的な陽（カチオン）界面活性剤はどれですか？,第四級アンモニウム塩,ラウリル硫酸ナトリウム,ステアリン酸,,1,正解です。　　第四級アンモニウム塩は、代表的な陽イオン界面活性剤で、柔軟効果があります。,不正解です。　ラウリル硫酸ナトリウムは代表的な陰イオン界面活性剤です。,不正解です。　ステアリン酸は、クリームの硬さを整えるなどの目的で使われます。,,,,,,,,,,,,,,,,
205,2125,2100,シャンプー、スタイリング料,リンス剤がキューティクルを整えることで防ぐことができる現象は？,静電気（帯電）,髪の変色,毛根の消滅,,1,正解です。　　髪表面のキューティクルを整え、滑りを良くすることで静電気を防ぎます。,不正解です。　リンスは髪の色を変えるものではありません。,不正解です。　リンスは毛髪の表面に作用するもので、頭皮の中にある毛根を消すことはありません。,,,,,,,,,,,,,,,,
206,2126,2100,シャンプー、スタイリング料,フケやかゆみを防止するために、多くのトニック剤などに配合される成分は？,メントール,ジンクピリチオン,エタノール,,2,不正解です。メントールはスッとする清涼感を与える成分です。,正解です。　　ジンクピリチオンは、フケの原因となる菌の増殖を抑える働きがあります。,不正解です。　エタノールは清涼感や、他の成分を溶かす「溶剤」として使われます。,,,,,,,,,,,,,,,,
207,2126,2100,シャンプー、スタイリング料,ヘア製品に「清涼感」を与える目的で使われる成分は？,ジンクピリチオン,メントール,パラベン,,2,不正解です。ジンクピリチオンはフケ防止成分です。,正解です。　　メントールは肌に冷たい刺激（清涼感）を与える成分で、トニックなどに使われます。,不正解です。パラベンは製品の腐敗を防ぐ「防腐剤」です。,,,,,,,,,,,,,,,,
208,2126,2100,シャンプー、スタイリング料,ヘアリンスが表面に吸着することで、髪をどのように保護しますか？,表面を厚くする,損傷した層を覆う,色を定着させる,,2,不正解です。表面を物理的に厚くするものではありません。,正解です。　　リンスは髪の表面を覆って滑らかにし、摩擦などによるダメージから保護します。,不正解です。色を定着させるのはヘアマニキュアなどの役割です。,,,,,,,,,,,,,,,,
209,2126,2100,シャンプー、スタイリング料,スタイリング剤に配合され、髪を固めたり形を維持したりする成分は？,界面活性剤,高分子化合物,防腐剤,,2,不正解です。界面活性剤は主に混ぜたり汚れを落としたりする成分です。,正解です。　　高分子化合物（ポリマー）が髪の表面で皮膜を作ることで、形をキープします。,不正解です。防腐剤は製品に細菌やカビが生えるのを防ぐためのものです。,,,,,,,,,,,,,,,,
210,2127,2100,パーマ剤,パーマの第1剤（1液）の主成分で、髪の結合を切断する反応を何といいますか？,酸化,還元,熱で溶かす,,2,不正解です。酸化は第2剤による「再結合」の反応です。,正解です。　　還元は、髪の内部のシスチン結合を切断して構造を柔らかくする反応です。,不正解です。髪を溶かすのではなく、化学反応によって構造を柔軟にします。,,,,,,,,,,,,,,,,
211,2127,2100,パーマ剤,パーマの第1剤に含まれ、毛髪を膨潤させて浸透を助けるのは？,アルカリ剤,酸化剤,保存料,,1,正解です。　　アルカリ剤は、キューティクルを開いて毛髪を膨らませ、薬剤の浸透を促します。,不正解です。酸化剤（過酸化水素など）は第2剤の主成分です。,不正解です。保存料は製品の品質を保つためのもので、髪を膨らませる働きはありません。,,,,,,,,,,,,,,,,
212,2127,2100,パーマ剤,パーマの第1剤に使われる還元剤で、分子が小さくかかりが良いのはどれ？,過酸化水素,システイン,チオグリコール酸,,3,不正解。過酸化水素は第2剤（酸化剤）に使われます。,不正解。システインは分子が大きく、反応が穏やかです。,正解です。　　チオグリコール酸は分子が小さいため浸透しやすく、しっかりしたウェーブが作れます。,,,,,,,,,,,,,,,,
213,2127,2100,パーマ剤,パーマの第2剤（2液）の主目的は何ですか？,さらに切断する,再結合（酸化）させる,洗い流す,,2,不正解。　さらに切断すると髪がボロボロになってしまいます。,正解です。　　酸化させることで、第1剤で切断された結合を新しい形で固定します。,不正解。　洗い流すだけでは形が定着しません。正解は「酸化（再結合）」です。,,,,,,,,,,,,,,,,
214,2127,2100,パーマ剤,パーマの第2剤に使用される、代表的な酸化剤はどれですか？,過酸化水素,アンモニア,セタノール,,1,正解です。　　過酸化水素は、最も広く使われる第2剤の主成分です。,不正解。　アンモニアは第1剤のアルカリ剤として使われます。,不正解。　セタノールはクリームのベース（基材）として使われます。,,,,,,,,,,,,,,,,
215,2127,2100,パーマ剤,パーマ剤によって切断・再結合される、髪の最も強い結合は？,ペプチド結合,シスチン結合,水素結合,,2,不正解。　ペプチド結合は髪の柱となる部分で、これが切れると髪が溶けてしまいます。,正解です。　　シスチン結合（S-S結合）を切って繋ぎ直すのが、パーマの基本的な仕組みです。,不正解。　水素結合は水に濡れると切れ、乾くとつながる弱い結合です。,,,,,,,,,,,,,,,,
216,2127,2100,パーマ剤,パーマ剤は、法律（薬機法）上何に分類されますか？,化粧品,医薬部外品,雑貨,,2,不正解。　一部の「カーリング料」は化粧品ですが、一般的なパーマ剤は医薬部外品です。,正解です。　　人体への作用が緩和な「医薬部外品」として管理されています。,不正解。　体に直接作用する薬剤が雑貨として扱われることはありません。,,,,,,,,,,,,,,,,
217,2127,2100,パーマ剤,チオグリコール酸に比べ、反応が穏やかで自然な仕上がりになる還元剤は？,臭素酸ナトリウム,システイン,過炭酸ナトリウム,,2,不正解。　これらは酸化剤（第2剤）の成分です。,正解です。　　システインは毛髪成分と同じアミノ酸から作られ、ダメージを抑えた施術に向いています。,不正解。　これらは酸化剤（第2剤）の成分です。,,,,,,,,,,,,,,,,
218,2127,2100,パーマ剤,加温式のパーマ剤において、推奨される温度は何度以下ですか？,40度,60度,100度,,2,不正解。　40度は体温に近く、加温式の効果としては不十分です。,正解です。　　頭皮の火傷や、髪の過度なダメージを防ぐため「60度以下」と定められています。,不正解。　100度は沸騰したお湯と同じ温度で、髪と地肌に深刻なダメージを与えます。,,,,,,,,,,,,,,,,
219,2127,2100,パーマ剤,第2剤の放置時間が短すぎた場合、どのようなトラブルが起きますか？,髪が焦げる,ウェーブが定着しない,頭皮が染まる,,2,不正解。　髪が焦げるのは、高熱アイロンなどの誤った使用によるものです。,正解です。　　第2剤による酸化（再結合）が不十分になり、ウェーブがすぐに取れてしまいます。,不正解。　頭皮が染まるのはヘアカラー剤などのトラブルです。,,,,,,,,,,,,,,,,
220,2127,2100,パーマ剤,第1剤のアルカリが強すぎたり放置が長すぎたりして、髪がチリチリになるのを？,オーバータイム,テストカール,中和,,1,正解です。　　オーバータイムにより還元が進みすぎると、髪の弾力が失われダメージが深刻になります。,不正解。　テストカールは、ウェーブのかかり具合を確認する作業のことです。,不正解。　中和は、第2剤によって第1剤のアルカリを打ち消すことです。,,,,,,,,,,,,,,,,
221,2127,2100,パーマ剤,第2剤の酸化剤として過酸化水素を使用する場合、放置時間は？,非常に長く必要,数分から10分程度,1時間以上必要,,2,不正解。　過酸化水素は反応が早いため、1時間も置く必要はありません。,正解です。　　過酸化水素は反応が非常に速いため、短時間（通常10分以内）で作用が終わります。,不正解。　放置しすぎると、髪が脱色されたり傷んだりしてしまいます。,,,,,,,,,,,,,,,,
222,2127,2100,パーマ剤,コールド式（二浴式）パーマにおいて、第1剤を作用させる場所は？,加温器の中,室温（常温）,氷で冷やす,,2,不正解。外部から熱を加えるタイプは加温式と呼ばわれます。,正解です。　　コールド式（冷たい式）の名前の通り、熱を加えずに室温で反応させます。,不正解。　冷やすと薬剤の化学反応が止まってしまい、パーマがかかりません。,,,,,,,,,,,,,,,,
223,2128,2200,ヘアカラー製品,最も一般的で、髪を明るくしながら色を入れられる染毛剤はどれですか？,酸化染毛剤,酸性染毛料,一時着色料,,1,正解です。　　酸化染毛剤は、メラニンを脱色しながら染料を定着させるため、高い染色力を持ちます。,不正解。　酸性染毛料はヘアマニキュアなどのことで、髪を明るくする力はありません。,不正解。　一時着色料は表面に付くだけで、シャンプーで落ちるものです。,,,,,,,,,,,,,,,,
224,2128,2200,ヘアカラー製品,酸化染毛剤の第1剤に含まれ、色を出すための元になる成分は？,酸化剤,染料中間体,還元剤,,2,不正解。　酸化剤は第2剤に含まれる成分です。,正解です。　　染料中間体自体は無色ですが、第2剤と混ざって酸化されることで鮮やかに発色します。,不正解。　還元剤は、主にパーマ液の第1剤で使われる成分です。,,,,,,,,,,,,,,,,
225,2128,2200,ヘアカラー製品,酸化染毛剤の第2剤の主成分で、染料を発色させ、地毛を脱色するのは？,過酸化水素,アンモニア,チオグリコール酸,,1,正解です。　　過酸化水素が放出する酸素が染料を色づかせ、同時に髪のメラニンを分解します。,不正解。　アンモニアは第1剤に含まれ、キューティクルを開く役割をします。,不正解。　チオグリコール酸は、主にパーマ液の還元剤として使われる成分です。,,,,,,,,,,,,,,,,
226,2128,2200,ヘアカラー製品,ヘアマニキュアなどの「酸性染毛料」は法律上何に分類されますか？,化粧品,医薬部外品,雑貨,,1,正解です。　　ヘアマニキュアなどの染毛料は、作用がより穏やかな「化粧品」に分類されます。,不正解。　酸化染毛剤（ヘアカラー）は医薬部外品ですが、染毛料は化粧品です。,不正解。　人体に直接使用するものは、雑貨ではなく法律で厳格に管理されています。,,,,,,,,,,,,,,,,
227,2128,2200,ヘアカラー製品,髪の表面のみに色が付き、一時的に髪色を変えるものはどれですか？,一時着色料,半永久染毛料,永久染毛剤,,1,正解です。　　一時着色料（カラースプレーやマスカラ型）は、シャンプーで簡単に落とせます。,不正解。　半永久染毛料（ヘアマニキュア）は、数週間色が持ちますが徐々に落ちます。,不正解。　永久染毛剤は髪の内部までしっかり染まり、色が長持ちします。,,,,,,,,,,,,,,,,
228,2129,2200,ヘアカラー製品,カラー剤を使う前に、体質的にアレルギーが出ないか調べる検査は？,パッチテスト,テストカール,pHテスト,,1,正解です。　　パッチテスト（皮膚アレルギー試験）は、使用の48時間前に行うことが義務付けられています。,不正解。　テストカールは、パーマのかかり具合を確認するための作業です。,不正解。　pHテストは、液体の酸性・アルカリ性の度合いを測るものです。,,,,,,,,,,,,,,,,
229,2129,2200,ヘアカラー製品,パッチテストは、薬剤を塗ってから最終的に何時間後に確認しますか？,1時間後,24時間後,48時間後,,3,不正解。1時間では反応が出ない場合が多く、正確な診断ができません。,不正解。24時間後にも一度確認しますが、最終判断はさらにその先です。,正解です。　　遅れて出るアレルギー反応を確認するため、48時間（2日間）後の状態を見る必要があります。,,,,,,,,,,,,,,,,
230,2129,2200,ヘアカラー製品,カラーの第2剤（過酸化水素）が分解して壊してしまう、髪の色素は？,ケラチン,メラニン色素,水分,,2,不正解。　ケラチンは髪の主成分となるタンパク質そのものです。,正解です。　　メラニン色素を分解することで、髪を明るく（脱色）することができます。,不正解。　水分が失われると髪は乾燥しますが、色が明るくなる原因ではありません。,,,,,,,,,,,,,,,,
231,2129,2200,ヘアカラー製品,第1剤に含まれるアルカリ剤が、毛髪をどうすることで浸透を助けますか？,メデュラを溶かす,キューティクルを膨潤させる,毛母細胞を活性化する,,2,不正解。　メデュラは髪の芯にある組織で、ここを溶かしても浸透には関係ありません。,正解です。　　アルカリ剤は毛髪を膨らませ（膨潤）、キューティクルの隙間から薬剤を入りやすくします。,不正解。　毛母細胞は頭皮の中で髪を作る組織で、薬剤で活性化はしません。,,,,,,,,,,,,,,,,
232,2129,2200,ヘアカラー製品,酸化染毛剤（ヘアカラー）において、アレルギー反応の主な原因となる成分は？,過酸化水素,パラフェニレンジアミン,アンモニア,,2,不正解。過酸化水素は刺激の原因にはなりますが、主なアレルゲンではありません。,正解です。　　パラフェニレンジアミン等の染料中間体は、特定の人に強いアレルギー反応を起こすことがあります。,不正解。アンモニアは刺激臭や皮膚刺激の原因ですが、主なアレルゲンではありません。,,,,,,,,,,,,,,,,
235,2129,2200,ヘアカラー製品,一度ヘアカラーでかぶれたことがある人は、その後どうすべきですか？,放置時間を短くして染める,二度と酸化染毛剤を使わない,体調が良い時だけ染める,,2,不正解。放置時間を短くしても、アレルギー反応は防げません。,正解です。　　一度かぶれた人が使い続けると、アナフィラキシー等の重篤な症状を招く恐れがあり大変危険です。,不正解。体調に関わらず、一度抗体ができてしまうと反応してしまいます。,,,,,,,,,,,,,,,,
236,2130,2200,ヘアカラー製品,髪の色を抜くことだけを目的とした「脱色剤（ブリーチ）」に含まれる強力酸化剤は？,過硫酸塩,パラベン,セタノール,,1,正解です。　　過硫酸塩は、髪のメラニン色素を強力に壊して色を抜くための酸化促進剤です。,不l正解。　パラベンは製品が腐るのを防ぐための「防腐剤」です。正解は過硫酸塩です。,不l正解。　セタノールはクリームのベース（基材）として使われる高級アルコールです。正解は過硫酸塩です。,,,,,,,,,,,,,,,,
238,2130,2300,育毛剤,頭皮の生理機能を低下させ細菌感染を招く原因は、皮脂の過剰分泌と何の過剰発生ですか？,汗,ふけ,ケラチン,,2,不l正解。　汗も不潔にすると良くないですが、細菌の温床となるのは主に「ふけ」と皮脂の混ざりものです。,正解です。　　ふけは古くなった角質です。これが皮脂と混ざって溜まると、細菌が繁殖して炎症の原因になります。,不l正解。　ケラチンは髪や皮膚の主成分となるタンパク質そのもののことです。正解は「ふけ」です。,,,,,,,,,,,,,,,,
239,2130,2300,育毛剤,男性型脱毛症に大きく関与し、皮脂の分泌にも関係しているものは何ですか？,ビタミン,男性ホルモン,タンパク質,,2,不l正解。　ビタミンは育毛に役立つ成分ですが、直接的な主な原因ではありません。,正解です。　　男性ホルモンが特定の酵素と結びつくことで、髪の成長が阻害され、抜け毛が進行します。,不l正解。　タンパク質は髪の材料ですが、脱毛を直接引き起こすものではありません。正解は男性ホルモンです。,,,,,,,,,,,,,,,,
240,2130,2300,育毛剤,育毛剤は、頭皮の何をよくすることで毛乳頭を活性化させますか？,血液循環,水分量,皮脂の粘り,,1,正解です。　　血液循環を良くすることで、髪の根元にある毛乳頭に栄養を届け、活性化させます。,不l正解。　水分量も大切ですが、髪を育てる細胞を直接元気にさせるのは「血流」の改善です。,不l正解。　皮脂の粘りが強すぎると、かえって毛穴が詰まる原因になります。正解は血液循環です。,,,,,,,,,,,,,,,,
241,2130,2300,育毛剤,「育毛剤」は、以前は一般的に何と呼ばれていましたか？,整髪剤,養毛剤,洗浄剤,,2,不l正解。　整髪剤は、ワックスなどのように髪型を整えるためのものです。,正解です。　　養毛剤は、毛を養い育てるという意味で、育毛剤とほぼ同じ目的で使われてきた言葉です。,不l正解。　洗浄剤は、シャンプーのように汚れを落とすもののことです。正解は養毛剤です。,,,,,,,,,,,,,,,,
242,2130,2300,育毛剤,ふけやかゆみの抑制のみを目的とする製品は、法律（薬機法）上どれに分類されますか？,化粧品,医薬部外品,医薬品,,1,正解です。　単に清潔を保ち、ふけ・かゆみを防ぐ程度の作用のものは「化粧品」に分類されます。,不l正解。　育毛や脱毛予防の具体的な効果を謳うものは医薬部外品ですが、ふけ防止のみなら化粧品の場合が多いです。,不l正解。　医薬品は病気の治療が目的のお薬です。正解は化粧品です。,,,,,,,,,,,,,,,,
243,2130,2300,育毛剤,「脱毛の予防」や「育毛・養毛の促進」を目的とする製品は、一般にどれに分類されますか？,化粧品,医薬部外品,雑貨,,2,不l正解。　化粧品では「脱毛の予防」といった具体的な効果（効能）を表示することはできません。,正解です。　「医薬部外品」は、特定の目的（育毛や予防など）に対して認められた成分を配合しています。,不l正解。　体に影響を与える成分を含む製品は、雑貨ではなく厳格な法律によって管理されます。正解は医薬部外品です。,,,,,,,,,,,,,,,,
244,2130,2300,育毛剤,「脱毛の治療（発毛）」を目的として用いられる製品は、法律上どれに当たりますか？,化粧品,医薬部外品,医薬品,,3,不l正解。　化粧品は美化や清潔を目的とするもので、病気の治療効果はありません。,不l正解。　医薬部外品はあくまで「防止」や「促進」が目的です。治療となるとさらに上の分類になります。,正解です。　「医薬品」は、症状の「治療」を目的としたお薬で、発毛効果などが医学的に認められたものです。,,,,,,,,,,,,,,,,
245,2130,2300,育毛剤,育毛剤の基剤（ベースとなる液体）として、精製水と共に主に使われるのはどれですか？,エタノール,グリセリン,流動パラフィン,,1,正解です。　　エタノールは、成分を溶かし、頭皮に清涼感を与え、浸透を助けます。,不l正解。　グリセリンは保湿剤として使われますが、ベースとなる主液体は主にエタノールです。,不l正解。　流動パラフィンはオイルの一種で、ベタつきが出るため育毛剤のベースには向きません。正解はエタノールです。,,,,,,,,,,,,,,,,
246,2130,2300,育毛剤,育毛剤において、毛母細胞の活性化や血行促進などを担う成分を総称して何といいますか？,有効成分,防腐剤,酸化防止剤,,1,正解です。　　有効成分とは、その製品の目的（育毛や血行促進など）を果たす中心的な成分のことです。,不l正解。　防腐剤は、製品に細菌やカビが生えるのを防ぐための成分です。,不l正解。　酸化防止剤は、製品が空気で変質するのを防ぐ成分です。正解は有効成分です。,,,,,,,,,,,,,,,,
,,,,,,,,,,,,,,,,,,,,,,,,,,,,
,,,,,,,,,,,,,,,,,,,,,,,,,,,,
,,,,,,,,,,,,,,,,,,,,,,,,,,,,
,,,,,,,,,,,,,,,,,,,,,,,,,,,,
,,,,,,,,,,,,,,,,,,,,,,,,,,,,
,,,,,,,,,,,,,,,,,,,,,,,,,,,,
,,,,,,,,,,,,,,,,,,,,,,,,,,,,
,,,,,,,,,,,,,,,,,,,,,,,,,,,,
,,,,,,,,,,,,,,,,,,,,,,,,,,,,
,,,,,,,,,,,,,,,,,,,,,,,,,,,,
,,,,,,,,,,,,,,,,,,,,,,,,,,,,
,,,,,,,,,,,,,,,,,,,,,,,,,,,,
,,,,,,,,,,,,,,,,,,,,,,,,,,,,
,,,,,,,,,,,,,,,,,,,,,,,,,,,,
,,,,,,,,,,,,,,,,,,,,,,,,,,,,
,,,,,,,,,,,,,,,,,,,,,,,,,,,,
,,,,,,,,,,,,,,,,,,,,,,,,,,,,
,,,,,,,,,,,,,,,,,,,,,,,,,,,,
,,,,,,,,,,,,,,,,,,,,,,,,,,,,
,,,,,,,,,,,,,,,,,,,,,,,,,,,,
,,,,,,,,,,,,,,,,,,,,,,,,,,,,
,,,,,,,,,,,,,,,,,,,,,,,,,,,,
,,,,,,,,,,,,,,,,,,,,,,,,,,,,
,,,,,,,,,,,,,,,,,,,,,,,,,,,,
,,,,,,,,,,,,,,,,,,,,,,,,,,,,
,,,,,,,,,,,,,,,,,,,,,,,,,,,,
,,,,,,,,,,,,,,,,,,,,,,,,,,,,
,,,,,,,,,,,,,,,,,,,,,,,,,,,,
,,,,,,,,,,,,,,,,,,,,,,,,,,,,
,,,,,,,,,,,,,,,,,,,,,,,,,,,,
,,,,,,,,,,,,,,,,,,,,,,,,,,,,
,,,,,,,,,,,,,,,,,,,,,,,,,,,,
,,,,,,,,,,,,,,,,,,,,,,,,,,,,
,,,,,,,,,,,,,,,,,,,,,,,,,,,,
,,,,,,,,,,,,,,,,,,,,,,,,,,,,
,,,,,,,,,,,,,,,,,,,,,,,,,,,,
,,,,,,,,,,,,,,,,,,,,,,,,,,,,
,,,,,,,,,,,,,,,,,,,,,,,,,,,,
,,,,,,,,,,,,,,,,,,,,,,,,,,,,
,,,,,,,,,,,,,,,,,,,,,,,,,,,,
,,,,,,,,,,,,,,,,,,,,,,,,,,,,
,,,,,,,,,,,,,,,,,,,,,,,,,,,,
,,,,,,,,,,,,,,,,,,,,,,,,,,,,
,,,,,,,,,,,,,,,,,,,,,,,,,,,,
,,,,,,,,,,,,,,,,,,,,,,,,,,,,
,,,,,,,,,,,,,,,,,,,,,,,,,,,,
,,,,,,,,,,,,,,,,,,,,,,,,,,,,
,,,,,,,,,,,,,,,,,,,,,,,,,,,,
,,,,,,,,,,,,,,,,,,,,,,,,,,,,
,,,,,,,,,,,,,,,,,,,,,,,,,,,,
,,,,,,,,,,,,,,,,,,,,,,,,,,,,
,,,,,,,,,,,,,,,,,,,,,,,,,,,,
,,,,,,,,,,,,,,,,,,,,,,,,,,,,
,,,,,,,,,,,,,,,,,,,,,,,,,,,,
,,,,,,,,,,,,,,,,,,,,,,,,,,,,
,,,,,,,,,,,,,,,,,,,,,,,,,,,,
,,,,,,,,,,,,,,,,,,,,,,,,,,,,
,,,,,,,,,,,,,,,,,,,,,,,,,,,,
,,,,,,,,,,,,,,,,,,,,,,,,,,,,
,,,,,,,,,,,,,,,,,,,,,,,,,,,,
,,,,,,,,,,,,,,,,,,,,,,,,,,,,
,,,,,,,,,,,,,,,,,,,,,,,,,,,,
,,,,,,,,,,,,,,,,,,,,,,,,,,,,
,,,,,,,,,,,,,,,,,,,,,,,,,,,,
,,,,,,,,,,,,,,,,,,,,,,,,,,,,
,,,,,,,,,,,,,,,,,,,,,,,,,,,,
,,,,,,,,,,,,,,,,,,,,,,,,,,,,
,,,,,,,,,,,,,,,,,,,,,,,,,,,,
,,,,,,,,,,,,,,,,,,,,,,,,,,,,
,,,,,,,,,,,,,,,,,,,,,,,,,,,,
,,,,,,,,,,,,,,,,,,,,,,,,,,,,
,,,,,,,,,,,,,,,,,,,,,,,,,,,,
,,,,,,,,,,,,,,,,,,,,,,,,,,,,
,,,,,,,,,,,,,,,,,,,,,,,,,,,,
,,,,,,,,,,,,,,,,,,,,,,,,,,,,
,,,,,,,,,,,,,,,,,,,,,,,,,,,,
,,,,,,,,,,,,,,,,,,,,,,,,,,,,
,,,,,,,,,,,,,,,,,,,,,,,,,,,,
,,,,,,,,,,,,,,,,,,,,,,,,,,,,
,,,,,,,,,,,,,,,,,,,,,,,,,,,,
,,,,,,,,,,,,,,,,,,,,,,,,,,,,
,,,,,,,,,,,,,,,,,,,,,,,,,,,,
,,,,,,,,,,,,,,,,,,,,,,,,,,,,
,,,,,,,,,,,,,,,,,,,,,,,,,,,,
,,,,,,,,,,,,,,,,,,,,,,,,,,,,
,,,,,,,,,,,,,,,,,,,,,,,,,,,,
,,,,,,,,,,,,,,,,,,,,,,,,,,,,
,,,,,,,,,,,,,,,,,,,,,,,,,,,,
,,,,,,,,,,,,,,,,,,,,,,,,,,,,
,,,,,,,,,,,,,,,,,,,,,,,,,,,,
,,,,,,,,,,,,,,,,,,,,,,,,,,,,
,,,,,,,,,,,,,,,,,,,,,,,,,,,,
,,,,,,,,,,,,,,,,,,,,,,,,,,,,
,,,,,,,,,,,,,,,,,,,,,,,,,,,,
,,,,,,,,,,,,,,,,,,,,,,,,,,,,
,,,,,,,,,,,,,,,,,,,,,,,,,,,,
,,,,,,,,,,,,,,,,,,,,,,,,,,,,
,,,,,,,,,,,,,,,,,,,,,,,,,,,,
,,,,,,,,,,,,,,,,,,,,,,,,,,,,
,,,,,,,,,,,,,,,,,,,,,,,,,,,,
,,,,,,,,,,,,,,,,,,,,,,,,,,,,
,,,,,,,,,,,,,,,,,,,,,,,,,,,,
,,,,,,,,,,,,,,,,,,,,,,,,,,,,
,,,,,,,,,,,,,,,,,,,,,,,,,,,,
,,,,,,,,,,,,,,,,,,,,,,,,,,,,
,,,,,,,,,,,,,,,,,,,,,,,,,,,,
,,,,,,,,,,,,,,,,,,,,,,,,,,,,
,,,,,,,,,,,,,,,,,,,,,,,,,,,,
,,,,,,,,,,,,,,,,,,,,,,,,,,,,
,,,,,,,,,,,,,,,,,,,,,,,,,,,,
,,,,,,,,,,,,,,,,,,,,,,,,,,,,
,,,,,,,,,,,,,,,,,,,,,,,,,,,,
,,,,,,,,,,,,,,,,,,,,,,,,,,,,
,,,,,,,,,,,,,,,,,,,,,,,,,,,,
,,,,,,,,,,,,,,,,,,,,,,,,,,,,
,,,,,,,,,,,,,,,,,,,,,,,,,,,,
,,,,,,,,,,,,,,,,,,,,,,,,,,,,
,,,,,,,,,,,,,,,,,,,,,,,,,,,,
,,,,,,,,,,,,,,,,,,,,,,,,,,,,
,,,,,,,,,,,,,,,,,,,,,,,,,,,,
,,,,,,,,,,,,,,,,,,,,,,,,,,,,
,,,,,,,,,,,,,,,,,,,,,,,,,,,,
,,,,,,,,,,,,,,,,,,,,,,,,,,,,
,,,,,,,,,,,,,,,,,,,,,,,,,,,,
,,,,,,,,,,,,,,,,,,,,,,,,,,,,
,,,,,,,,,,,,,,,,,,,,,,,,,,,,
,,,,,,,,,,,,,,,,,,,,,,,,,,,,
,,,,,,,,,,,,,,,,,,,,,,,,,,,,
,,,,,,,,,,,,,,,,,,,,,,,,,,,,
,,,,,,,,,,,,,,,,,,,,,,,,,,,,
,,,,,,,,,,,,,,,,,,,,,,,,,,,,
,,,,,,,,,,,,,,,,,,,,,,,,,,,,
,,,,,,,,,,,,,,,,,,,,,,,,,,,,
,,,,,,,,,,,,,,,,,,,,,,,,,,,,
,,,,,,,,,,,,,,,,,,,,,,,,,,,,
,,,,,,,,,,,,,,,,,,,,,,,,,,,,
,,,,,,,,,,,,,,,,,,,,,,,,,,,,
,,,,,,,,,,,,,,,,,,,,,,,,,,,,
,,,,,,,,,,,,,,,,,,,,,,,,,,,,
,,,,,,,,,,,,,,,,,,,,,,,,,,,,
,,,,,,,,,,,,,,,,,,,,,,,,,,,,
,,,,,,,,,,,,,,,,,,,,,,,,,,,,
,,,,,,,,,,,,,,,,,,,,,,,,,,,,
,,,,,,,,,,,,,,,,,,,,,,,,,,,,
,,,,,,,,,,,,,,,,,,,,,,,,,,,,
,,,,,,,,,,,,,,,,,,,,,,,,,,,,
,,,,,,,,,,,,,,,,,,,,,,,,,,,,
,,,,,,,,,,,,,,,,,,,,,,,,,,,,
,,,,,,,,,,,,,,,,,,,,,,,,,,,,
,,,,,,,,,,,,,,,,,,,,,,,,,,,,
,,,,,,,,,,,,,,,,,,,,,,,,,,,,
,,,,,,,,,,,,,,,,,,,,,,,,,,,,
,,,,,,,,,,,,,,,,,,,,,,,,,,,,
,,,,,,,,,,,,,,,,,,,,,,,,,,,,
,,,,,,,,,,,,,,,,,,,,,,,,,,,,
,,,,,,,,,,,,,,,,,,,,,,,,,,,,
,,,,,,,,,,,,,,,,,,,,,,,,,,,,
,,,,,,,,,,,,,,,,,,,,,,,,,,,,
,,,,,,,,,,,,,,,,,,,,,,,,,,,,
,,,,,,,,,,,,,,,,,,,,,,,,,,,,
,,,,,,,,,,,,,,,,,,,,,,,,,,,,
,,,,,,,,,,,,,,,,,,,,,,,,,,,,
,,,,,,,,,,,,,,,,,,,,,,,,,,,,
,,,,,,,,,,,,,,,,,,,,,,,,,,,,
,,,,,,,,,,,,,,,,,,,,,,,,,,,,
,,,,,,,,,,,,,,,,,,,,,,,,,,,,
,,,,,,,,,,,,,,,,,,,,,,,,,,,,
,,,,,,,,,,,,,,,,,,,,,,,,,,,,
,,,,,,,,,,,,,,,,,,,,,,,,,,,,
,,,,,,,,,,,,,,,,,,,,,,,,,,,,
,,,,,,,,,,,,,,,,,,,,,,,,,,,,
,,,,,,,,,,,,,,,,,,,,,,,,,,,,
,,,,,,,,,,,,,,,,,,,,,,,,,,,,
,,,,,,,,,,,,,,,,,,,,,,,,,,,,
,,,,,,,,,,,,,,,,,,,,,,,,,,,,
,,,,,,,,,,,,,,,,,,,,,,,,,,,,
,,,,,,,,,,,,,,,,,,,,,,,,,,,,
,,,,,,,,,,,,,,,,,,,,,,,,,,,,
,,,,,,,,,,,,,,,,,,,,,,,,,,,,
,,,,,,,,,,,,,,,,,,,,,,,,,,,,
,,,,,,,,,,,,,,,,,,,,,,,,,,,,
,,,,,,,,,,,,,,,,,,,,,,,,,,,,
,,,,,,,,,,,,,,,,,,,,,,,,,,,,
,,,,,,,,,,,,,,,,,,,,,,,,,,,,
,,,,,,,,,,,,,,,,,,,,,,,,,,,,
,,,,,,,,,,,,,,,,,,,,,,,,,,,,
,,,,,,,,,,,,,,,,,,,,,,,,,,,,
,,,,,,,,,,,,,,,,,,,,,,,,,,,,
,,,,,,,,,,,,,,,,,,,,,,,,,,,,
,,,,,,,,,,,,,,,,,,,,,,,,,,,,
,,,,,,,,,,,,,,,,,,,,,,,,,,,,
,,,,,,,,,,,,,,,,,,,,,,,,,,,,
,,,,,,,,,,,,,,,,,,,,,,,,,,,,
,,,,,,,,,,,,,,,,,,,,,,,,,,,,
,,,,,,,,,,,,,,,,,,,,,,,,,,,,
,,,,,,,,,,,,,,,,,,,,,,,,,,,,
,,,,,,,,,,,,,,,,,,,,,,,,,,,,
,,,,,,,,,,,,,,,,,,,,,,,,,,,,
,,,,,,,,,,,,,,,,,,,,,,,,,,,,
,,,,,,,,,,,,,,,,,,,,,,,,,,,,
,,,,,,,,,,,,,,,,,,,,,,,,,,,,
,,,,,,,,,,,,,,,,,,,,,,,,,,,,
,,,,,,,,,,,,,,,,,,,,,,,,,,,,
,,,,,,,,,,,,,,,,,,,,,,,,,,,,
,,,,,,,,,,,,,,,,,,,,,,,,,,,,
,,,,,,,,,,,,,,,,,,,,,,,,,,,,
,,,,,,,,,,,,,,,,,,,,,,,,,,,,
,,,,,,,,,,,,,,,,,,,,,,,,,,,,
,,,,,,,,,,,,,,,,,,,,,,,,,,,,
,,,,,,,,,,,,,,,,,,,,,,,,,,,,
,,,,,,,,,,,,,,,,,,,,,,,,,,,,
,,,,,,,,,,,,,,,,,,,,,,,,,,,,
,,,,,,,,,,,,,,,,,,,,,,,,,,,,
,,,,,,,,,,,,,,,,,,,,,,,,,,,,
,,,,,,,,,,,,,,,,,,,,,,,,,,,,
,,,,,,,,,,,,,,,,,,,,,,,,,,,,
,,,,,,,,,,,,,,,,,,,,,,,,,,,,
,,,,,,,,,,,,,,,,,,,,,,,,,,,,
,,,,,,,,,,,,,,,,,,,,,,,,,,,,
,,,,,,,,,,,,,,,,,,,,,,,,,,,,
,,,,,,,,,,,,,,,,,,,,,,,,,,,,
,,,,,,,,,,,,,,,,,,,,,,,,,,,,
,,,,,,,,,,,,,,,,,,,,,,,,,,,,
,,,,,,,,,,,,,,,,,,,,,,,,,,,,
,,,,,,,,,,,,,,,,,,,,,,,,,,,,
,,,,,,,,,,,,,,,,,,,,,,,,,,,,
,,,,,,,,,,,,,,,,,,,,,,,,,,,,
,,,,,,,,,,,,,,,,,,,,,,,,,,,,
,,,,,,,,,,,,,,,,,,,,,,,,,,,,
,,,,,,,,,,,,,,,,,,,,,,,,,,,,
,,,,,,,,,,,,,,,,,,,,,,,,,,,,
,,,,,,,,,,,,,,,,,,,,,,,,,,,,
,,,,,,,,,,,,,,,,,,,,,,,,,,,,
,,,,,,,,,,,,,,,,,,,,,,,,,,,,
,,,,,,,,,,,,,,,,,,,,,,,,,,,,
,,,,,,,,,,,,,,,,,,,,,,,,,,,,
,,,,,,,,,,,,,,,,,,,,,,,,,,,,
,,,,,,,,,,,,,,,,,,,,,,,,,,,,
,,,,,,,,,,,,,,,,,,,,,,,,,,,,
,,,,,,,,,,,,,,,,,,,,,,,,,,,,
,,,,,,,,,,,,,,,,,,,,,,,,,,,,
,,,,,,,,,,,,,,,,,,,,,,,,,,,,
,,,,,,,,,,,,,,,,,,,,,,,,,,,,
,,,,,,,,,,,,,,,,,,,,,,,,,,,,
,,,,,,,,,,,,,,,,,,,,,,,,,,,,
,,,,,,,,,,,,,,,,,,,,,,,,,,,,
,,,,,,,,,,,,,,,,,,,,,,,,,,,,
,,,,,,,,,,,,,,,,,,,,,,,,,,,,
,,,,,,,,,,,,,,,,,,,,,,,,,,,,
,,,,,,,,,,,,,,,,,,,,,,,,,,,,
,,,,,,,,,,,,,,,,,,,,,,,,,,,,
,,,,,,,,,,,,,,,,,,,,,,,,,,,,
,,,,,,,,,,,,,,,,,,,,,,,,,,,,
,,,,,,,,,,,,,,,,,,,,,,,,,,,,
,,,,,,,,,,,,,,,,,,,,,,,,,,,,
,,,,,,,,,,,,,,,,,,,,,,,,,,,,
,,,,,,,,,,,,,,,,,,,,,,,,,,,,
,,,,,,,,,,,,,,,,,,,,,,,,,,,,
,,,,,,,,,,,,,,,,,,,,,,,,,,,,
,,,,,,,,,,,,,,,,,,,,,,,,,,,,
,,,,,,,,,,,,,,,,,,,,,,,,,,,,
,,,,,,,,,,,,,,,,,,,,,,,,,,,,
,,,,,,,,,,,,,,,,,,,,,,,,,,,,
,,,,,,,,,,,,,,,,,,,,,,,,,,,,
,,,,,,,,,,,,,,,,,,,,,,,,,,,,
,,,,,,,,,,,,,,,,,,,,,,,,,,,,
,,,,,,,,,,,,,,,,,,,,,,,,,,,,
,,,,,,,,,,,,,,,,,,,,,,,,,,,,
,,,,,,,,,,,,,,,,,,,,,,,,,,,,
,,,,,,,,,,,,,,,,,,,,,,,,,,,,
,,,,,,,,,,,,,,,,,,,,,,,,,,,,
,,,,,,,,,,,,,,,,,,,,,,,,,,,,
,,,,,,,,,,,,,,,,,,,,,,,,,,,,
,,,,,,,,,,,,,,,,,,,,,,,,,,,,
,,,,,,,,,,,,,,,,,,,,,,,,,,,,
,,,,,,,,,,,,,,,,,,,,,,,,,,,,
,,,,,,,,,,,,,,,,,,,,,,,,,,,,
,,,,,,,,,,,,,,,,,,,,,,,,,,,,
,,,,,,,,,,,,,,,,,,,,,,,,,,,,
,,,,,,,,,,,,,,,,,,,,,,,,,,,,
,,,,,,,,,,,,,,,,,,,,,,,,,,,,
,,,,,,,,,,,,,,,,,,,,,,,,,,,,
,,,,,,,,,,,,,,,,,,,,,,,,,,,,
,,,,,,,,,,,,,,,,,,,,,,,,,,,,
,,,,,,,,,,,,,,,,,,,,,,,,,,,,
,,,,,,,,,,,,,,,,,,,,,,,,,,,,
,,,,,,,,,,,,,,,,,,,,,,,,,,,,
,,,,,,,,,,,,,,,,,,,,,,,,,,,,
,,,,,,,,,,,,,,,,,,,,,,,,,,,,
,,,,,,,,,,,,,,,,,,,,,,,,,,,,
,,,,,,,,,,,,,,,,,,,,,,,,,,,,
,,,,,,,,,,,,,,,,,,,,,,,,,,,,
,,,,,,,,,,,,,,,,,,,,,,,,,,,,
,,,,,,,,,,,,,,,,,,,,,,,,,,,,
,,,,,,,,,,,,,,,,,,,,,,,,,,,,
,,,,,,,,,,,,,,,,,,,,,,,,,,,,
,,,,,,,,,,,,,,,,,,,,,,,,,,,,
,,,,,,,,,,,,,,,,,,,,,,,,,,,,
,,,,,,,,,,,,,,,,,,,,,,,,,,,,
,,,,,,,,,,,,,,,,,,,,,,,,,,,,
,,,,,,,,,,,,,,,,,,,,,,,,,,,,
,,,,,,,,,,,,,,,,,,,,,,,,,,,,
,,,,,,,,,,,,,,,,,,,,,,,,,,,,
,,,,,,,,,,,,,,,,,,,,,,,,,,,,
,,,,,,,,,,,,,,,,,,,,,,,,,,,,
,,,,,,,,,,,,,,,,,,,,,,,,,,,,
,,,,,,,,,,,,,,,,,,,,,,,,,,,,
,,,,,,,,,,,,,,,,,,,,,,,,,,,,
,,,,,,,,,,,,,,,,,,,,,,,,,,,,
,,,,,,,,,,,,,,,,,,,,,,,,,,,,
,,,,,,,,,,,,,,,,,,,,,,,,,,,,
,,,,,,,,,,,,,,,,,,,,,,,,,,,,
,,,,,,,,,,,,,,,,,,,,,,,,,,,,
,,,,,,,,,,,,,,,,,,,,,,,,,,,,
,,,,,,,,,,,,,,,,,,,,,,,,,,,,
,,,,,,,,,,,,,,,,,,,,,,,,,,,,
,,,,,,,,,,,,,,,,,,,,,,,,,,,,
,,,,,,,,,,,,,,,,,,,,,,,,,,,,
,,,,,,,,,,,,,,,,,,,,,,,,,,,,
,,,,,,,,,,,,,,,,,,,,,,,,,,,,
,,,,,,,,,,,,,,,,,,,,,,,,,,,,
,,,,,,,,,,,,,,,,,,,,,,,,,,,,
,,,,,,,,,,,,,,,,,,,,,,,,,,,,
,,,,,,,,,,,,,,,,,,,,,,,,,,,,
,,,,,,,,,,,,,,,,,,,,,,,,,,,,
,,,,,,,,,,,,,,,,,,,,,,,,,,,,
,,,,,,,,,,,,,,,,,,,,,,,,,,,,
,,,,,,,,,,,,,,,,,,,,,,,,,,,,
,,,,,,,,,,,,,,,,,,,,,,,,,,,,
,,,,,,,,,,,,,,,,,,,,,,,,,,,,
,,,,,,,,,,,,,,,,,,,,,,,,,,,,
,,,,,,,,,,,,,,,,,,,,,,,,,,,,
,,,,,,,,,,,,,,,,,,,,,,,,,,,,
,,,,,,,,,,,,,,,,,,,,,,,,,,,,
,,,,,,,,,,,,,,,,,,,,,,,,,,,,
,,,,,,,,,,,,,,,,,,,,,,,,,,,,
,,,,,,,,,,,,,,,,,,,,,,,,,,,,
,,,,,,,,,,,,,,,,,,,,,,,,,,,,
,,,,,,,,,,,,,,,,,,,,,,,,,,,,
,,,,,,,,,,,,,,,,,,,,,,,,,,,,
,,,,,,,,,,,,,,,,,,,,,,,,,,,,
,,,,,,,,,,,,,,,,,,,,,,,,,,,,
,,,,,,,,,,,,,,,,,,,,,,,,,,,,
,,,,,,,,,,,,,,,,,,,,,,,,,,,,
,,,,,,,,,,,,,,,,,,,,,,,,,,,,
,,,,,,,,,,,,,,,,,,,,,,,,,,,,
,,,,,,,,,,,,,,,,,,,,,,,,,,,,
,,,,,,,,,,,,,,,,,,,,,,,,,,,,
,,,,,,,,,,,,,,,,,,,,,,,,,,,,
,,,,,,,,,,,,,,,,,,,,,,,,,,,,
,,,,,,,,,,,,,,,,,,,,,,,,,,,,
,,,,,,,,,,,,,,,,,,,,,,,,,,,,
,,,,,,,,,,,,,,,,,,,,,,,,,,,,
,,,,,,,,,,,,,,,,,,,,,,,,,,,,
,,,,,,,,,,,,,,,,,,,,,,,,,,,,
,,,,,,,,,,,,,,,,,,,,,,,,,,,,
,,,,,,,,,,,,,,,,,,,,,,,,,,,,
,,,,,,,,,,,,,,,,,,,,,,,,,,,,
,,,,,,,,,,,,,,,,,,,,,,,,,,,,
,,,,,,,,,,,,,,,,,,,,,,,,,,,,
,,,,,,,,,,,,,,,,,,,,,,,,,,,,
,,,,,,,,,,,,,,,,,,,,,,,,,,,,
,,,,,,,,,,,,,,,,,,,,,,,,,,,,
,,,,,,,,,,,,,,,,,,,,,,,,,,,,
,,,,,,,,,,,,,,,,,,,,,,,,,,,,
,,,,,,,,,,,,,,,,,,,,,,,,,,,,
,,,,,,,,,,,,,,,,,,,,,,,,,,,,
,,,,,,,,,,,,,,,,,,,,,,,,,,,,
,,,,,,,,,,,,,,,,,,,,,,,,,,,,
,,,,,,,,,,,,,,,,,,,,,,,,,,,,
,,,,,,,,,,,,,,,,,,,,,,,,,,,,
,,,,,,,,,,,,,,,,,,,,,,,,,,,,
,,,,,,,,,,,,,,,,,,,,,,,,,,,,
,,,,,,,,,,,,,,,,,,,,,,,,,,,,
,,,,,,,,,,,,,,,,,,,,,,,,,,,,
,,,,,,,,,,,,,,,,,,,,,,,,,,,,
,,,,,,,,,,,,,,,,,,,,,,,,,,,,
,,,,,,,,,,,,,,,,,,,,,,,,,,,,
,,,,,,,,,,,,,,,,,,,,,,,,,,,,
,,,,,,,,,,,,,,,,,,,,,,,,,,,,
,,,,,,,,,,,,,,,,,,,,,,,,,,,,
,,,,,,,,,,,,,,,,,,,,,,,,,,,,
,,,,,,,,,,,,,,,,,,,,,,,,,,,,
,,,,,,,,,,,,,,,,,,,,,,,,,,,,
,,,,,,,,,,,,,,,,,,,,,,,,,,,,
,,,,,,,,,,,,,,,,,,,,,,,,,,,,
,,,,,,,,,,,,,,,,,,,,,,,,,,,,
,,,,,,,,,,,,,,,,,,,,,,,,,,,,
,,,,,,,,,,,,,,,,,,,,,,,,,,,,
,,,,,,,,,,,,,,,,,,,,,,,,,,,,
,,,,,,,,,,,,,,,,,,,,,,,,,,,,
,,,,,,,,,,,,,,,,,,,,,,,,,,,,
,,,,,,,,,,,,,,,,,,,,,,,,,,,,
,,,,,,,,,,,,,,,,,,,,,,,,,,,,
,,,,,,,,,,,,,,,,,,,,,,,,,,,,
,,,,,,,,,,,,,,,,,,,,,,,,,,,,
,,,,,,,,,,,,,,,,,,,,,,,,,,,,
,,,,,,,,,,,,,,,,,,,,,,,,,,,,
,,,,,,,,,,,,,,,,,,,,,,,,,,,,
,,,,,,,,,,,,,,,,,,,,,,,,,,,,
,,,,,,,,,,,,,,,,,,,,,,,,,,,,
,,,,,,,,,,,,,,,,,,,,,,,,,,,,
,,,,,,,,,,,,,,,,,,,,,,,,,,,,
,,,,,,,,,,,,,,,,,,,,,,,,,,,,
,,,,,,,,,,,,,,,,,,,,,,,,,,,,
,,,,,,,,,,,,,,,,,,,,,,,,,,,,
,,,,,,,,,,,,,,,,,,,,,,,,,,,,
,,,,,,,,,,,,,,,,,,,,,,,,,,,,
,,,,,,,,,,,,,,,,,,,,,,,,,,,,
,,,,,,,,,,,,,,,,,,,,,,,,,,,,
,,,,,,,,,,,,,,,,,,,,,,,,,,,,
,,,,,,,,,,,,,,,,,,,,,,,,,,,,
,,,,,,,,,,,,,,,,,,,,,,,,,,,,
,,,,,,,,,,,,,,,,,,,,,,,,,,,,
,,,,,,,,,,,,,,,,,,,,,,,,,,,,
,,,,,,,,,,,,,,,,,,,,,,,,,,,,
,,,,,,,,,,,,,,,,,,,,,,,,,,,,
,,,,,,,,,,,,,,,,,,,,,,,,,,,,
,,,,,,,,,,,,,,,,,,,,,,,,,,,,
,,,,,,,,,,,,,,,,,,,,,,,,,,,,
,,,,,,,,,,,,,,,,,,,,,,,,,,,,
,,,,,,,,,,,,,,,,,,,,,,,,,,,,
,,,,,,,,,,,,,,,,,,,,,,,,,,,,
,,,,,,,,,,,,,,,,,,,,,,,,,,,,
,,,,,,,,,,,,,,,,,,,,,,,,,,,,
,,,,,,,,,,,,,,,,,,,,,,,,,,,,
,,,,,,,,,,,,,,,,,,,,,,,,,,,,
,,,,,,,,,,,,,,,,,,,,,,,,,,,,
,,,,,,,,,,,,,,,,,,,,,,,,,,,,
,,,,,,,,,,,,,,,,,,,,,,,,,,,,
,,,,,,,,,,,,,,,,,,,,,,,,,,,,
,,,,,,,,,,,,,,,,,,,,,,,,,,,,
,,,,,,,,,,,,,,,,,,,,,,,,,,,,
,,,,,,,,,,,,,,,,,,,,,,,,,,,,
,,,,,,,,,,,,,,,,,,,,,,,,,,,,
,,,,,,,,,,,,,,,,,,,,,,,,,,,,
,,,,,,,,,,,,,,,,,,,,,,,,,,,,
,,,,,,,,,,,,,,,,,,,,,,,,,,,,
,,,,,,,,,,,,,,,,,,,,,,,,,,,,
,,,,,,,,,,,,,,,,,,,,,,,,,,,,
,,,,,,,,,,,,,,,,,,,,,,,,,,,,
,,,,,,,,,,,,,,,,,,,,,,,,,,,,
,,,,,,,,,,,,,,,,,,,,,,,,,,,,
,,,,,,,,,,,,,,,,,,,,,,,,,,,,
,,,,,,,,,,,,,,,,,,,,,,,,,,,,
,,,,,,,,,,,,,,,,,,,,,,,,,,,,
,,,,,,,,,,,,,,,,,,,,,,,,,,,,
,,,,,,,,,,,,,,,,,,,,,,,,,,,,
,,,,,,,,,,,,,,,,,,,,,,,,,,,,
,,,,,,,,,,,,,,,,,,,,,,,,,,,,
,,,,,,,,,,,,,,,,,,,,,,,,,,,,
,,,,,,,,,,,,,,,,,,,,,,,,,,,,
,,,,,,,,,,,,,,,,,,,,,,,,,,,,
,,,,,,,,,,,,,,,,,,,,,,,,,,,,
,,,,,,,,,,,,,,,,,,,,,,,,,,,,
,,,,,,,,,,,,,,,,,,,,,,,,,,,,
,,,,,,,,,,,,,,,,,,,,,,,,,,,,
,,,,,,,,,,,,,,,,,,,,,,,,,,,,
,,,,,,,,,,,,,,,,,,,,,,,,,,,,
,,,,,,,,,,,,,,,,,,,,,,,,,,,,
,,,,,,,,,,,,,,,,,,,,,,,,,,,,
,,,,,,,,,,,,,,,,,,,,,,,,,,,,
,,,,,,,,,,,,,,,,,,,,,,,,,,,,
,,,,,,,,,,,,,,,,,,,,,,,,,,,,
,,,,,,,,,,,,,,,,,,,,,,,,,,,,
,,,,,,,,,,,,,,,,,,,,,,,,,,,,
,,,,,,,,,,,,,,,,,,,,,,,,,,,,
,,,,,,,,,,,,,,,,,,,,,,,,,,,,
,,,,,,,,,,,,,,,,,,,,,,,,,,,,
,,,,,,,,,,,,,,,,,,,,,,,,,,,,
,,,,,,,,,,,,,,,,,,,,,,,,,,,,
,,,,,,,,,,,,,,,,,,,,,,,,,,,,
,,,,,,,,,,,,,,,,,,,,,,,,,,,,
,,,,,,,,,,,,,,,,,,,,,,,,,,,,
,,,,,,,,,,,,,,,,,,,,,,,,,,,,
,,,,,,,,,,,,,,,,,,,,,,,,,,,,
,,,,,,,,,,,,,,,,,,,,,,,,,,,,
,,,,,,,,,,,,,,,,,,,,,,,,,,,,
,,,,,,,,,,,,,,,,,,,,,,,,,,,,
,,,,,,,,,,,,,,,,,,,,,,,,,,,,
,,,,,,,,,,,,,,,,,,,,,,,,,,,,
,,,,,,,,,,,,,,,,,,,,,,,,,,,,
,,,,,,,,,,,,,,,,,,,,,,,,,,,,
,,,,,,,,,,,,,,,,,,,,,,,,,,,,
,,,,,,,,,,,,,,,,,,,,,,,,,,,,
,,,,,,,,,,,,,,,,,,,,,,,,,,,,
,,,,,,,,,,,,,,,,,,,,,,,,,,,,
,,,,,,,,,,,,,,,,,,,,,,,,,,,,
,,,,,,,,,,,,,,,,,,,,,,,,,,,,
,,,,,,,,,,,,,,,,,,,,,,,,,,,,
,,,,,,,,,,,,,,,,,,,,,,,,,,,,
,,,,,,,,,,,,,,,,,,,,,,,,,,,,
,,,,,,,,,,,,,,,,,,,,,,,,,,,,
,,,,,,,,,,,,,,,,,,,,,,,,,,,,
,,,,,,,,,,,,,,,,,,,,,,,,,,,,
,,,,,,,,,,,,,,,,,,,,,,,,,,,,
,,,,,,,,,,,,,,,,,,,,,,,,,,,,
,,,,,,,,,,,,,,,,,,,,,,,,,,,,
,,,,,,,,,,,,,,,,,,,,,,,,,,,,
,,,,,,,,,,,,,,,,,,,,,,,,,,,,
,,,,,,,,,,,,,,,,,,,,,,,,,,,,
,,,,,,,,,,,,,,,,,,,,,,,,,,,,
,,,,,,,,,,,,,,,,,,,,,,,,,,,,
,,,,,,,,,,,,,,,,,,,,,,,,,,,,
,,,,,,,,,,,,,,,,,,,,,,,,,,,,
,,,,,,,,,,,,,,,,,,,,,,,,,,,,
,,,,,,,,,,,,,,,,,,,,,,,,,,,,
,,,,,,,,,,,,,,,,,,,,,,,,,,,,
,,,,,,,,,,,,,,,,,,,,,,,,,,,,
,,,,,,,,,,,,,,,,,,,,,,,,,,,,
,,,,,,,,,,,,,,,,,,,,,,,,,,,,
,,,,,,,,,,,,,,,,,,,,,,,,,,,,
,,,,,,,,,,,,,,,,,,,,,,,,,,,,
,,,,,,,,,,,,,,,,,,,,,,,,,,,,
,,,,,,,,,,,,,,,,,,,,,,,,,,,,
,,,,,,,,,,,,,,,,,,,,,,,,,,,,
,,,,,,,,,,,,,,,,,,,,,,,,,,,,
,,,,,,,,,,,,,,,,,,,,,,,,,,,,
,,,,,,,,,,,,,,,,,,,,,,,,,,,,
,,,,,,,,,,,,,,,,,,,,,,,,,,,,
,,,,,,,,,,,,,,,,,,,,,,,,,,,,
,,,,,,,,,,,,,,,,,,,,,,,,,,,,
,,,,,,,,,,,,,,,,,,,,,,,,,,,,
,,,,,,,,,,,,,,,,,,,,,,,,,,,,
,,,,,,,,,,,,,,,,,,,,,,,,,,,,
,,,,,,,,,,,,,,,,,,,,,,,,,,,,
,,,,,,,,,,,,,,,,,,,,,,,,,,,,
,,,,,,,,,,,,,,,,,,,,,,,,,,,,
,,,,,,,,,,,,,,,,,,,,,,,,,,,,
,,,,,,,,,,,,,,,,,,,,,,,,,,,,
,,,,,,,,,,,,,,,,,,,,,,,,,,,,
,,,,,,,,,,,,,,,,,,,,,,,,,,,,
,,,,,,,,,,,,,,,,,,,,,,,,,,,,
,,,,,,,,,,,,,,,,,,,,,,,,,,,,
,,,,,,,,,,,,,,,,,,,,,,,,,,,,
,,,,,,,,,,,,,,,,,,,,,,,,,,,,
,,,,,,,,,,,,,,,,,,,,,,,,,,,,
,,,,,,,,,,,,,,,,,,,,,,,,,,,,
,,,,,,,,,,,,,,,,,,,,,,,,,,,,
,,,,,,,,,,,,,,,,,,,,,,,,,,,,
,,,,,,,,,,,,,,,,,,,,,,,,,,,,
,,,,,,,,,,,,,,,,,,,,,,,,,,,,
,,,,,,,,,,,,,,,,,,,,,,,,,,,,
,,,,,,,,,,,,,,,,,,,,,,,,,,,,
,,,,,,,,,,,,,,,,,,,,,,,,,,,,
,,,,,,,,,,,,,,,,,,,,,,,,,,,,
,,,,,,,,,,,,,,,,,,,,,,,,,,,,
,,,,,,,,,,,,,,,,,,,,,,,,,,,,
,,,,,,,,,,,,,,,,,,,,,,,,,,,,
,,,,,,,,,,,,,,,,,,,,,,,,,,,,
,,,,,,,,,,,,,,,,,,,,,,,,,,,,
,,,,,,,,,,,,,,,,,,,,,,,,,,,,
,,,,,,,,,,,,,,,,,,,,,,,,,,,,
,,,,,,,,,,,,,,,,,,,,,,,,,,,,
,,,,,,,,,,,,,,,,,,,,,,,,,,,,
,,,,,,,,,,,,,,,,,,,,,,,,,,,,
,,,,,,,,,,,,,,,,,,,,,,,,,,,,
,,,,,,,,,,,,,,,,,,,,,,,,,,,,
,,,,,,,,,,,,,,,,,,,,,,,,,,,,
,,,,,,,,,,,,,,,,,,,,,,,,,,,,
,,,,,,,,,,,,,,,,,,,,,,,,,,,,
,,,,,,,,,,,,,,,,,,,,,,,,,,,,
,,,,,,,,,,,,,,,,,,,,,,,,,,,,
,,,,,,,,,,,,,,,,,,,,,,,,,,,,
,,,,,,,,,,,,,,,,,,,,,,,,,,,,
,,,,,,,,,,,,,,,,,,,,,,,,,,,,
,,,,,,,,,,,,,,,,,,,,,,,,,,,,
,,,,,,,,,,,,,,,,,,,,,,,,,,,,
,,,,,,,,,,,,,,,,,,,,,,,,,,,,
,,,,,,,,,,,,,,,,,,,,,,,,,,,,
,,,,,,,,,,,,,,,,,,,,,,,,,,,,
,,,,,,,,,,,,,,,,,,,,,,,,,,,,
,,,,,,,,,,,,,,,,,,,,,,,,,,,,
,,,,,,,,,,,,,,,,,,,,,,,,,,,,
,,,,,,,,,,,,,,,,,,,,,,,,,,,,
,,,,,,,,,,,,,,,,,,,,,,,,,,,,
,,,,,,,,,,,,,,,,,,,,,,,,,,,,
,,,,,,,,,,,,,,,,,,,,,,,,,,,,
,,,,,,,,,,,,,,,,,,,,,,,,,,,,
,,,,,,,,,,,,,,,,,,,,,,,,,,,,
,,,,,,,,,,,,,,,,,,,,,,,,,,,,
,,,,,,,,,,,,,,,,,,,,,,,,,,,,
,,,,,,,,,,,,,,,,,,,,,,,,,,,,
,,,,,,,,,,,,,,,,,,,,,,,,,,,,
,,,,,,,,,,,,,,,,,,,,,,,,,,,,
,,,,,,,,,,,,,,,,,,,,,,,,,,,,
,,,,,,,,,,,,,,,,,,,,,,,,,,,,
,,,,,,,,,,,,,,,,,,,,,,,,,,,,
,,,,,,,,,,,,,,,,,,,,,,,,,,,,
,,,,,,,,,,,,,,,,,,,,,,,,,,,,
,,,,,,,,,,,,,,,,,,,,,,,,,,,,
,,,,,,,,,,,,,,,,,,,,,,,,,,,,
,,,,,,,,,,,,,,,,,,,,,,,,,,,,
,,,,,,,,,,,,,,,,,,,,,,,,,,,,
,,,,,,,,,,,,,,,,,,,,,,,,,,,,
,,,,,,,,,,,,,,,,,,,,,,,,,,,,
,,,,,,,,,,,,,,,,,,,,,,,,,,,,
,,,,,,,,,,,,,,,,,,,,,,,,,,,,
,,,,,,,,,,,,,,,,,,,,,,,,,,,,
,,,,,,,,,,,,,,,,,,,,,,,,,,,,
,,,,,,,,,,,,,,,,,,,,,,,,,,,,
,,,,,,,,,,,,,,,,,,,,,,,,,,,,
,,,,,,,,,,,,,,,,,,,,,,,,,,,,
,,,,,,,,,,,,,,,,,,,,,,,,,,,,
,,,,,,,,,,,,,,,,,,,,,,,,,,,,
,,,,,,,,,,,,,,,,,,,,,,,,,,,,
,,,,,,,,,,,,,,,,,,,,,,,,,,,,
,,,,,,,,,,,,,,,,,,,,,,,,,,,,
,,,,,,,,,,,,,,,,,,,,,,,,,,,,
,,,,,,,,,,,,,,,,,,,,,,,,,,,,
,,,,,,,,,,,,,,,,,,,,,,,,,,,,
,,,,,,,,,,,,,,,,,,,,,,,,,,,,
,,,,,,,,,,,,,,,,,,,,,,,,,,,,
,,,,,,,,,,,,,,,,,,,,,,,,,,,,
,,,,,,,,,,,,,,,,,,,,,,,,,,,,
,,,,,,,,,,,,,,,,,,,,,,,,,,,,
,,,,,,,,,,,,,,,,,,,,,,,,,,,,
,,,,,,,,,,,,,,,,,,,,,,,,,,,,
,,,,,,,,,,,,,,,,,,,,,,,,,,,,
,,,,,,,,,,,,,,,,,,,,,,,,,,,,
,,,,,,,,,,,,,,,,,,,,,,,,,,,,
,,,,,,,,,,,,,,,,,,,,,,,,,,,,
,,,,,,,,,,,,,,,,,,,,,,,,,,,,
,,,,,,,,,,,,,,,,,,,,,,,,,,,,
,,,,,,,,,,,,,,,,,,,,,,,,,,,,
,,,,,,,,,,,,,,,,,,,,,,,,,,,,
,,,,,,,,,,,,,,,,,,,,,,,,,,,,
,,,,,,,,,,,,,,,,,,,,,,,,,,,,
,,,,,,,,,,,,,,,,,,,,,,,,,,,,
,,,,,,,,,,,,,,,,,,,,,,,,,,,,
,,,,,,,,,,,,,,,,,,,,,,,,,,,,
,,,,,,,,,,,,,,,,,,,,,,,,,,,,
,,,,,,,,,,,,,,,,,,,,,,,,,,,,
,,,,,,,,,,,,,,,,,,,,,,,,,,,,
,,,,,,,,,,,,,,,,,,,,,,,,,,,,
,,,,,,,,,,,,,,,,,,,,,,,,,,,,
,,,,,,,,,,,,,,,,,,,,,,,,,,,,
,,,,,,,,,,,,,,,,,,,,,,,,,,,,
,,,,,,,,,,,,,,,,,,,,,,,,,,,,
,,,,,,,,,,,,,,,,,,,,,,,,,,,,
,,,,,,,,,,,,,,,,,,,,,,,,,,,,
,,,,,,,,,,,,,,,,,,,,,,,,,,,,
,,,,,,,,,,,,,,,,,,,,,,,,,,,,
,,,,,,,,,,,,,,,,,,,,,,,,,,,,
,,,,,,,,,,,,,,,,,,,,,,,,,,,,
,,,,,,,,,,,,,,,,,,,,,,,,,,,,
,,,,,,,,,,,,,,,,,,,,,,,,,,,,
,,,,,,,,,,,,,,,,,,,,,,,,,,,,
,,,,,,,,,,,,,,,,,,,,,,,,,,,,
,,,,,,,,,,,,,,,,,,,,,,,,,,,,
,,,,,,,,,,,,,,,,,,,,,,,,,,,,
,,,,,,,,,,,,,,,,,,,,,,,,,,,,
,,,,,,,,,,,,,,,,,,,,,,,,,,,,
,,,,,,,,,,,,,,,,,,,,,,,,,,,,
,,,,,,,,,,,,,,,,,,,,,,,,,,,,
,,,,,,,,,,,,,,,,,,,,,,,,,,,,
,,,,,,,,,,,,,,,,,,,,,,,,,,,,
,,,,,,,,,,,,,,,,,,,,,,,,,,,,
,,,,,,,,,,,,,,,,,,,,,,,,,,,,
,,,,,,,,,,,,,,,,,,,,,,,,,,,,
,,,,,,,,,,,,,,,,,,,,,,,,,,,,
,,,,,,,,,,,,,,,,,,,,,,,,,,,,
,,,,,,,,,,,,,,,,,,,,,,,,,,,,
,,,,,,,,,,,,,,,,,,,,,,,,,,,,
,,,,,,,,,,,,,,,,,,,,,,,,,,,,
,,,,,,,,,,,,,,,,,,,,,,,,,,,,
,,,,,,,,,,,,,,,,,,,,,,,,,,,,
,,,,,,,,,,,,,,,,,,,,,,,,,,,,
,,,,,,,,,,,,,,,,,,,,,,,,,,,,
,,,,,,,,,,,,,,,,,,,,,,,,,,,,
,,,,,,,,,,,,,,,,,,,,,,,,,,,,
,,,,,,,,,,,,,,,,,,,,,,,,,,,,
,,,,,,,,,,,,,,,,,,,,,,,,,,,,
,,,,,,,,,,,,,,,,,,,,,,,,,,,,
,,,,,,,,,,,,,,,,,,,,,,,,,,,,
,,,,,,,,,,,,,,,,,,,,,,,,,,,,
,,,,,,,,,,,,,,,,,,,,,,,,,,,,
,,,,,,,,,,,,,,,,,,,,,,,,,,,,
,,,,,,,,,,,,,,,,,,,,,,,,,,,,
,,,,,,,,,,,,,,,,,,,,,,,,,,,,
,,,,,,,,,,,,,,,,,,,,,,,,,,,,
,,,,,,,,,,,,,,,,,,,,,,,,,,,,
,,,,,,,,,,,,,,,,,,,,,,,,,,,,
,,,,,,,,,,,,,,,,,,,,,,,,,,,,
,,,,,,,,,,,,,,,,,,,,,,,,,,,,
,,,,,,,,,,,,,,,,,,,,,,,,,,,,
,,,,,,,,,,,,,,,,,,,,,,,,,,,,
,,,,,,,,,,,,,,,,,,,,,,,,,,,,
,,,,,,,,,,,,,,,,,,,,,,,,,,,,
,,,,,,,,,,,,,,,,,,,,,,,,,,,,
,,,,,,,,,,,,,,,,,,,,,,,,,,,,
,,,,,,,,,,,,,,,,,,,,,,,,,,,,
,,,,,,,,,,,,,,,,,,,,,,,,,,,,
,,,,,,,,,,,,,,,,,,,,,,,,,,,,
,,,,,,,,,,,,,,,,,,,,,,,,,,,,
,,,,,,,,,,,,,,,,,,,,,,,,,,,,
,,,,,,,,,,,,,,,,,,,,,,,,,,,,
,,,,,,,,,,,,,,,,,,,,,,,,,,,,
,,,,,,,,,,,,,,,,,,,,,,,,,,,,
,,,,,,,,,,,,,,,,,,,,,,,,,,,,
,,,,,,,,,,,,,,,,,,,,,,,,,,,,
,,,,,,,,,,,,,,,,,,,,,,,,,,,,
,,,,,,,,,,,,,,,,,,,,,,,,,,,,
,,,,,,,,,,,,,,,,,,,,,,,,,,,,
,,,,,,,,,,,,,,,,,,,,,,,,,,,,
,,,,,,,,,,,,,,,,,,,,,,,,,,,,
,,,,,,,,,,,,,,,,,,,,,,,,,,,,
,,,,,,,,,,,,,,,,,,,,,,,,,,,,
,,,,,,,,,,,,,,,,,,,,,,,,,,,,
,,,,,,,,,,,,,,,,,,,,,,,,,,,,
,,,,,,,,,,,,,,,,,,,,,,,,,,,,
,,,,,,,,,,,,,,,,,,,,,,,,,,,,
,,,,,,,,,,,,,,,,,,,,,,,,,,,,
,,,,,,,,,,,,,,,,,,,,,,,,,,,,
,,,,,,,,,,,,,,,,,,,,,,,,,,,,
,,,,,,,,,,,,,,,,,,,,,,,,,,,,
,,,,,,,,,,,,,,,,,,,,,,,,,,,,
,,,,,,,,,,,,,,,,,,,,,,,,,,,,
,,,,,,,,,,,,,,,,,,,,,,,,,,,,
,,,,,,,,,,,,,,,,,,,,,,,,,,,,
,,,,,,,,,,,,,,,,,,,,,,,,,,,,
,,,,,,,,,,,,,,,,,,,,,,,,,,,,
,,,,,,,,,,,,,,,,,,,,,,,,,,,,
,,,,,,,,,,,,,,,,,,,,,,,,,,,,
,,,,,,,,,,,,,,,,,,,,,,,,,,,,
,,,,,,,,,,,,,,,,,,,,,,,,,,,,
,,,,,,,,,,,,,,,,,,,,,,,,,,,,
,,,,,,,,,,,,,,,,,,,,,,,,,,,,
,,,,,,,,,,,,,,,,,,,,,,,,,,,,
,,,,,,,,,,,,,,,,,,,,,,,,,,,,
,,,,,,,,,,,,,,,,,,,,,,,,,,,,
,,,,,,,,,,,,,,,,,,,,,,,,,,,,
,,,,,,,,,,,,,,,,,,,,,,,,,,,,
,,,,,,,,,,,,,,,,,,,,,,,,,,,,
,,,,,,,,,,,,,,,,,,,,,,,,,,,,
,,,,,,,,,,,,,,,,,,,,,,,,,,,,
,,,,,,,,,,,,,,,,,,,,,,,,,,,,
,,,,,,,,,,,,,,,,,,,,,,,,,,,,
,,,,,,,,,,,,,,,,,,,,,,,,,,,,
,,,,,,,,,,,,,,,,,,,,,,,,,,,,
,,,,,,,,,,,,,,,,,,,,,,,,,,,,
,,,,,,,,,,,,,,,,,,,,,,,,,,,,
,,,,,,,,,,,,,,,,,,,,,,,,,,,,
,,,,,,,,,,,,,,,,,,,,,,,,,,,,
,,,,,,,,,,,,,,,,,,,,,,,,,,,,
,,,,,,,,,,,,,,,,,,,,,,,,,,,,
,,,,,,,,,,,,,,,,,,,,,,,,,,,,
,,,,,,,,,,,,,,,,,,,,,,,,,,,,
,,,,,,,,,,,,,,,,,,,,,,,,,,,,
,,,,,,,,,,,,,,,,,,,,,,,,,,,,
